Name,Symbol,YTD,3MO,1YR,3YR,5YR,10YR,Yield,rating,Expense ratio,tenure,assets,category
American AAdvantage Intl Equity Milg,AAEMX,11.12,15.12,11.12,12.91,,,1.34,****,1.48,4,"5,154,725",International
American AAdvantage Intl Equity AMR,AAIAX,12.07,15.3,12.07,13.92,,,2.19,****,0.58,4,"512,180,964",International
American AAdvantage Intl Equity Instl,AAIEX,11.73,15.19,11.73,13.61,11.79,,1.97,****,0.83,7,"436,052,983",International
American AAdvantage Intl Equity Plan,AAIPX,11.52,15.15,11.52,13.29,,,1.82,****,1.14,4,"47,593,060",International
Accessor International Equity,ACIEX,16.07,14.45,16.07,13.58,,,0,****,1.55,0,"150,551,215",International
Acorn International,ACINX,15.43,14.08,15.43,11.74,7.9,,0.71,***,1.19,6,"1,726,129,086",International
Aetna International I,AEIGX,18.34,14.86,18.34,19.12,12.59,,4.77,****,1.48,3,"38,887,409",International
Armada International Equity Instl,AIEIX,19.98,20.11,19.98,,,,0.48,,,0,"175,600,081",International
Aon International Equity,AIEYX,14.58,17.52,14.58,,,,0.84,,1.4,2,"61,542,675",International
Alliance International Adv,ALIYX,9.96,15.81,9.96,,,,3.06,,1.47,0,"34,796,757",International
Arch International Equity Tr,ARITX,17.9,19.49,17.9,10.89,,,0.65,***,1.14,4,"60,504,966",International
Artisan International Intl,ARTIX,32.18,24.86,32.18,22.49,,,0.22,*****,1.45,3,"421,980,000",International
Alliance Worldwide Privatization Adv,AWPYX,9.33,16.35,9.33,,,,1.43,,1.45,,"2,409,360",International
Babson-Stewart Ivory International,BAINX,13.3,16.69,13.3,9.35,8.33,9.99,0.4,****,1.16,10,"96,586,699",International
Berger/BIAM International CORE,BBICX,15.67,19.59,15.67,,,,2.71,,,2,"179,099,805",International
"Bailard, Biehl & Kaiser Intl Equity",BBIEX,12.01,18.44,12.01,10.51,5.82,4.28,0.87,***,1.44,3,"123,390,428",International
Berger/BIAM International,BBINX,14.92,19.38,14.92,,,,4.05,,1.8,2,"19,623,220",International
BB&T International Tr,BBTIX,11.37,16.09,11.37,,,,0.79,,,1,"84,213,958",International
BT Institutional Intl Eqty I,BEIIX,21.91,17.4,21.91,,,,0.69,,0.95,1,"735,274,125",International
Northern Institutional Intl Eq Idx A,BIEIX,18.88,19.79,18.88,,,,1.93,,0.51,1,"46,643,103",International
Northern Institutional Intl Growth A,BIGAX,24.56,19.02,24.56,11.73,,,1.84,****,1.06,4,"110,872,824",International
Brandes Instl International Equity,BIIEX,14.65,19.28,14.65,,,,1.36,,1.19,2,"174,376,714",International
BlackRock Intl Small Cap Eq Instl,BISIX,11.12,9.61,11.12,,,,2.24,,,1,"17,033,906",International
Julius Baer International Equity A,BJBIX,27.07,18.87,27.07,19.91,2.71,,0,***,1.79,3,"73,412,928",International
Brinson Global (Ex-U.S.) Equity I,BNUEX,14.39,17.15,14.39,10.9,9.73,,0.81,****,1,5,"487,467,741",International
BNY Hamilton International Eq Inst,BNUIX,20.84,19.72,20.84,,,,0.13,,,1,"169,350,242",International
BT Advisor EAFE Equity Index Instl,BTAEX,19.81,20.05,19.81,,,,2.14,,0.4,2,"38,358,460",International
BT Investment International Equity,BTEQX,20.82,17.2,20.82,19.82,15.77,,0.23,*****,1.5,5,"1,400,202,775",International
Commerce International Equity Instl,CFIEX,15.52,17.49,15.52,10.49,,,0.41,***,1.72,1,"110,643,414",International
CitiFunds International Growth,CFIPX,17.62,17.79,17.62,8.26,5.81,,0.07,***,1.75,4,"20,615,615",International
CitiFunds Intl Growth & Income,CIGIX,,16.18,,,,,,,,0,"17,136,355",International
Nations International Growth Prim A,CKIAX,20.19,21,20.19,10.89,9.22,,0,***,1.15,1,"210,763,671",International
Nations International Growth Inv A,CKIEX,19.85,20.96,19.85,10.63,8.95,8.37,0,***,1.4,1,"22,116,295",International
Columbia International Stock,CMISX,12.83,21.24,12.83,13.59,8.49,,0.05,***,1.62,6,"130,141,587",International
Warburg Pincus Intl Equity Comm,CUIEX,4.59,12.88,4.59,3.4,4.08,,0,***,1.33,9,"1,172,071,964",International
Calvert World Values Intl Equity C,CWVCX,14.92,17.63,14.92,10.32,,,0,***,2.76,4,"9,366,220",International
Delaware Pooled Labor Select Intl Eq,DELPX,11.9,13.01,11.9,14.83,,,2.23,****,0.92,3,"102,419,354",International
Delaware International Equity Instl,DEQIX,9.35,13.53,9.35,11.32,9.48,,1.83,****,1.4,7,"165,071,943",International
Delaware Overseas Equity Instl,DEWIX,-6.59,8.49,-6.59,1.41,,,8.61,***,1.5,1,"61,054",International
DFA Large Cap International,DFALX,18.21,19.56,18.21,9.88,9.57,,1.56,***,0.47,7,"114,600,000",International
DFA International High Book to Market,DFHBX,14.96,16.96,14.96,6.34,7.83,,2.07,***,0.68,5,"1,612,405,655",International
DFA International Small Company,DFISX,8.19,12.39,8.19,,,,1.94,,0.75,2,"273,990,000",International
DFA International Value,DFIVX,14.87,16.96,14.87,6.25,,,1.92,***,0.56,0,"435,700,000",International
DFA International Value IV,DFVFX,15.55,17.13,15.55,,,,2.16,,,0,"98,650,000",International
DFA International Value III,DFVIX,15.09,16.98,15.09,6.45,,,2.21,***,0.45,0,"288,040,000",International
Dreyfus Intl Stock Index,DIISX,19.36,20.33,19.36,,,,0.68,,,1,"27,882,079",International
DFA International Small Cap Value,DISVX,5.27,10.22,5.27,-6.35,,,1.99,**,0.9,0,"451,010,000",International
Dreyfus Intl Growth,DITFX,1.61,14.23,1.61,2.79,0.67,,0,**,1.92,2,"57,596,399",International
DFA International Value II,DIVTX,14.88,17.05,14.88,6.87,,,2.12,***,0.86,0,"37,310,000",International
Delaware Pooled International Equity,DPIEX,10.01,13.7,10.01,11.65,10.26,,2.35,****,0.89,6,"648,288,982",International
Dresdner RCM Intl Growth Equity A,DRIEX,13.81,17.85,13.81,16.99,,,1.5,****,1,0,"123,402,092",International
Driehaus International Growth,DRIGX,15.15,5.35,15.15,,,,0,,2.11,2,"209,406,772",International
Diversified Investors Intl Equity,DVIEX,10.47,16.67,10.47,,,,0.42,,1.41,2,"308,256,943",International
Nations International Value Prim A,EMIEX,11.6,20.38,11.6,15.93,,,1.24,****,1.21,2,"127,128,199",International
Enterprise International Growth Y,ENIYX,14.73,17.54,14.73,10.85,,,0.71,****,1.55,3,"12,618,105",International
Excelsior Instl International Equity,EXIIX,10.13,18.21,10.13,6.78,,,1.7,***,0.9,,"34,059,018",International
First American International Y,FAICX,26.11,16.66,26.11,16.78,,,0.53,****,1.44,4,"383,535,076",International
Fidelity Advisor Overseas Instl,FAOIX,11.79,17.52,11.79,11.97,,,0.92,****,1.16,2,"77,745,477",International
Fidelity Diversified International,FDIVX,14.39,15.25,14.39,16.01,13.24,,1.26,****,1.23,7,"2,156,898,342",International
Fremont International Growth,FIGFX,9.81,16.28,9.81,4.37,,,0.09,***,1.5,0,"44,817,724",International
Fidelity International Growth & Inc,FIGRX,9.98,16.48,9.98,9.91,7.67,8.94,0.42,***,1.15,0,"870,975,160",International
First American International Index Y,FIICX,19.72,20.52,19.72,7.99,,,1.3,***,0.74,0,"122,768,796",International
Firstar International Equity Instl,FIIEX,-9.55,12.75,-9.55,-5.26,,,2,**,1.5,4,"38,909,973",International
Fidelity International Value,FIVFX,11.74,19.44,11.74,9.71,,,0.37,***,1.28,4,"435,796,443",International
59 Wall Street International Equity,FNIEX,16.17,13.06,16.17,,,,0.25,,,1,"27,474,000",International
Founders International Equity,FOIEX,17.01,11.9,17.01,17.23,,,0,*****,1.85,2,"18,995,155",International
Fidelity Overseas,FOSFX,12.84,17.91,12.84,12.28,9.35,8.68,0.55,****,1.2,2,"3,846,516,551",International
Founders Passport,FPSSX,12.5,13.41,12.5,11.15,8.89,,0.07,***,1.53,5,"124,654,439",International
Fremont International Small Cap,FRISX,4.12,15.97,4.12,-4.98,,,0.17,**,1.5,0,"6,246,766",International
Invesco International Growth,FSIGX,7.44,13.07,7.44,5.67,5.15,4.33,0,***,1.71,4,"45,100,627",International
Fidelity Spartan International Index,FSIIX,21.24,21.1,21.24,,,,1.62,,0.35,1,"34,281,664",International
FTI International Equity,FTIEX,12.86,14.64,12.86,13,,,0.32,****,1.6,3,"73,912,403",International
Goldman Sachs Core Intl Equity Instl,GCIIX,14.57,19.05,14.57,,,,0.29,,1,1,"283,175,191",International
Goldman Sachs Core Intl Equity Svc,GCISX,14.09,18.97,14.09,,,,0.16,,1.5,1,"20,953",International
GE International Equity C,GEICX,14.17,16.65,14.17,10.83,,,0,***,1.35,4,"6,885,629",International
GE International Equity D,GEIDX,14.6,16.72,14.6,11.21,,,0.06,***,1.01,4,"17,330,006",International
GE Instl International Equity,GIEIX,17.32,19.65,17.32,,,,1.02,,,1,"136,926,208",International
Galaxy International Equity Tr,GIETX,21.99,17.16,21.99,15.51,,,0.79,****,1.06,2,"368,468,920",International
Gabelli International Growth,GIGRX,17.37,14.66,17.37,15.43,,,0.2,****,2.46,3,"26,790,807",International
Goldman Sachs Intl Small Cap Instl,GISIX,,17.38,,,,,,,,0,"34,709,643",International
Goldman Sachs Intl Small Cap Svc,GISSX,,17.25,,,,,,,,0,"1,593",International
GMO International Core IV,GMCFX,,15.2,,,,,,,,0,"640,485,920",International
GMO Foreign IV,GMFFX,,17.01,,,,,,,,,"138,168,956",International
GMO Foreign II,GMFRX,13.92,16.97,13.92,,,,2.02,,,,"60,314,691",International
GMO Currency Hedged Intl Core IV,GMHFX,,13.83,,,,,,,,,"157,516,678",International
GMO International Core II,GMICX,13.48,15.17,13.48,,,,2.03,,,2,"16,847,220",International
GMO Currency Hedged Intl Core III,GMOCX,7.29,13.87,7.29,11.77,,,2.54,****,,3,"287,920,724",International
GMO Foreign III,GMOFX,13.95,16.9,13.95,,,,2.06,,,,"1,086,174,847",International
GMO International Core III,GMOIX,13.6,15.17,13.6,7.89,7.61,9.92,2.06,****,0.71,11,"3,024,703,426",International
Goldman Sachs Intl Equity Instl,GSIEX,18.72,15.73,18.72,,,,0,,1.08,2,"104,295,517",International
Goldman Sachs Intl Equity Svc,GSISX,18.42,15.57,18.42,,,,0.27,,1.55,2,"3,567,400",International
Glenmede International,GTCIX,16.18,15.54,16.18,13.73,11.97,11.8,2.41,****,0.14,10,"1,190,096,767",International
Glenmede Institutional International,GTIIX,15.51,14.79,15.51,13.46,10.83,,1.52,****,0.87,6,"103,558,726",International
Harbor International Growth,HAIGX,23.49,22.35,23.49,19.09,14.14,,0.56,****,1.02,5,"1,244,381,582",International
Harbor International II,HAIIX,7.98,25.13,7.98,,,,1.25,,0.98,2,"128,461,500",International
Harbor International,HAINX,10.36,18.28,10.36,15.26,13.38,15.09,1.48,*****,0.97,11,"5,358,231,706",International
Hartford Intl Opportunities Y,HAOYX,13.11,15.95,13.11,,,,0.35,,1.2,2,"9,523,758",International
Heritage Eagle Intl Equity Eagle,HEIEX,14.99,18.8,14.99,11.32,,,0,****,2.6,3,"35,652,058",International
Harris Insight International A,HILAX,-4.83,13.47,-4.83,,,,1.06,,1.61,2,"1,651,523",International
Harris Insight International Instl,HILIX,-4.62,13.62,-4.62,,,,1.27,,1.36,2,"200,018,526",International
Hansberger Instl International,HINTX,-6.94,14.61,-6.94,,,,1.2,,1,,"200,055,007",International
Harding Loevner International Equity,HLMIX,10.2,17.77,10.2,6.8,,,1.45,***,1,4,"347,858,645",International
HighMark International Equity Fid,HMIQX,15.18,18.15,15.18,3.6,,,0.35,***,1.18,0,"97,063,394",International
Hotchkis & Wiley International,HWINX,6.42,15.5,6.42,9.84,9.05,,2.11,***,0.89,8,"1,406,342,610",International
IAI International,IAINX,1.83,11.36,1.83,1.89,3,6.19,0.24,***,1.67,8,"32,139,879",International
Barr Rosenberg Intl Small Cap Instl,ICSIX,4.12,10.53,4.12,,,,1.05,,1.5,2,"41,100,021",International
IDS International Y,IDIYX,15.5,19.48,15.5,8.89,,,0.57,***,1.06,1,"77,433,199",International
Invesco International Blue Chip,IIBCX,,,,,,,,,,,"7,200,000",International
ISG International Equity A,IIEAX,9.48,18.79,9.48,,,,0.25,,1.77,1,"27,276,245",International
Intrust Intl Multi-Mgr Stk Instl Svc,IMSSX,11.08,15.1,11.08,,,,1.33,,,1,,International
1838 International Equity,INTEX,17.52,21.16,17.52,11.78,,,0,****,1.25,3,"52,106,888",International
Gradison International,INTFX,12.95,17.9,12.95,7.91,,,0,***,2,3,"33,689,405",International
Mentor Perpetual International Y,INTLX,13.53,16.89,13.53,,,,0.96,,1.1,2,"11,352,722",International
MSDW International Small Cap D,ISMDX,4.55,9.54,4.55,,,,0,,,1,"291,306",International
Ivy International I,IVIIX,7.75,16.52,7.75,12.78,,,1.28,****,1.18,4,"153,495,024",International
Jamestown International Equity,JAMIX,23.95,18.11,23.95,,,,0.75,,1.6,0,"47,085,113",International
Janus Overseas,JAOSX,16.03,17.77,16.03,20.9,,,0.49,*****,1.01,4,"4,329,000,279",International
John Hancock International Equity,JHIEX,18.77,21.93,18.77,6.09,,,1.09,***,1,3,"8,900,000",International
UAM Jacobs International Octagon,JIOPX,-5.01,8.77,-5.01,,,,0.82,,1.49,1,"100,148,673",International
JP Morgan Instl International Equity,JNUSX,13.62,20.21,13.62,7.74,7.43,,2.98,***,0.93,5,"362,173,417",International
JP Morgan Instl International Opport,JPIOX,3.83,22.09,3.83,,,,2.89,,0.99,1,"291,496,891",International
Kent International Growth Instl,KNINX,17.91,19.5,17.91,8.58,8.88,,1.1,***,1.05,0,"528,499,548",International
Kent International Growth Invmt,KNIVX,17.6,19.36,17.6,8.28,8.62,,1.09,***,1.3,0,"12,389,637",International
Lexington International,LEXIX,19.02,17.09,19.02,11.16,8.99,,0.49,***,1.75,4,"22,898,010",International
LKCM International,LKINX,10.1,15.65,10.1,,,,0,,,1,"56,895,222",International
Longleaf Partners International,LLINX,,,,,,,,,,,,International
Legg Mason International Equity Prim,LMGEX,8.49,14.93,8.49,8.75,,,1.08,***,2.17,3,"258,530,185",International
Loomis Sayles International Eqty Inst,LSIEX,9.32,15.02,9.32,8.59,6.46,,1.09,***,1,2,"76,014,308",International
Lazard International Equity Instl,LZIEX,16.04,17.96,16.04,14.49,11.22,,0.89,****,0.89,7,"2,876,842,107",International
Lazard International Equity Open,LZIOX,15.82,17.99,15.82,,,,0.56,,1.25,,"47,237,191",International
Lazard International Small Cap Instl,LZISX,7.55,7.01,7.55,7.64,3.92,,0.43,***,1.09,5,"177,782,993",International
MainStay Instl EAFE Index Instl Svc,MAESX,18.83,19.65,18.83,8.15,,,1.45,***,1.19,4,"447,000",International
Merrill Lynch International Index A,MAIIX,28.05,27.57,28.05,,,,1.19,,0.86,1,"117,771,486",International
MainStay Instl Intl Equity Instl Svc,MAUSX,22.2,19.29,22.2,12.67,,,2.7,****,1.25,4,"618,000",International
Merrill Lynch International Index D,MDIIX,27.69,27.45,27.69,,,,0.92,,1.11,1,"14,890,668",International
M.S.D.&T. International Equity Instl,MEQUX,11.98,15.94,11.98,8.7,7.73,,1.59,***,1.03,5,"82,577,857",International
Munder Framlington International Gr Y,MFGYX,15.64,19.25,15.64,,,,0.02,,1.37,1,"48,939,653",International
Morgan Grenfell Intl Small Cap Equity,MGISX,15.49,12.34,15.49,0.26,0.05,,0,**,1.25,4,"26,096,906",International
Managers International Equity,MGITX,14.54,13.86,14.54,12.69,11.16,11.63,0.71,****,1.45,,"552,786,805",International
MassMutual Instl Intl Equity S,MIEDX,5.05,13.53,5.05,12.96,,,1.3,****,1,4,"568,869,229",International
MFS Instl International Equity,MIEIX,9.28,14.83,9.28,,,,1.66,,0.94,2,"11,394,638",International
Montgomery International Growth P,MIGPX,28.65,23.14,28.65,,,,0,,1.9,2,"936,003",International
MSDW Instl Intl Magnum B,MIMBX,7.13,10.22,7.13,,,,0.7,,1.25,2,"26,163,899",International
UAM MJI International Equity Inst,MJIEX,15.53,18.52,15.53,9.7,,,0.54,***,1.5,1,"20,881,428",International
UAM McKee International Equity Instl,MKIEX,8.94,15.29,8.94,10.25,,,0.86,***,0.98,4,"141,808,542",International
Merrill Lynch Consults International,MLCIX,2.91,13.2,2.91,3.91,4.7,,1.61,***,2.37,3,"59,442,263",International
Montgomery International Growth R,MNIGX,28.69,23.03,28.69,19.69,,,0,*****,1.65,3,"200,261,524",International
Montgomery International Small Cap R,MNISX,10.58,10.84,10.58,8.05,4.09,,0.08,***,1.9,5,"47,508,474",International
MAS International Equity Instl,MPIEX,10.08,14.92,10.08,11.14,5.56,8.84,1.71,***,0.63,6,"508,991,165",International
Marshall International Stock,MRISX,3.26,16.3,3.26,11.06,,,1.96,***,1.59,2,"235,368,658",International
MSDW Instl Active Intl Alloc A,MSACX,20.22,14.44,20.22,12.73,9.52,,2.84,****,0.8,6,"266,929,098",International
Masters' Select International,MSILX,11.74,20.79,11.74,,,,0.81,,1.77,,"92,500,000",International
MSDW Instl Intl Magnum A,MSIMX,7.33,10.31,7.33,,,,0.9,,1,2,"269,992,067",International
MSDW Instl Intl Equity A,MSIQX,18.3,14.95,18.3,17.28,15.14,,1.89,*****,1,9,"3,395,554,311",International
Munder International Equity K,MUIKX,13.16,18.67,13.16,8.69,5.95,,1.26,***,1.25,3,"98,435,462",International
Munder International Equity Y,MUIYX,13.37,18.63,13.37,8.97,6.22,,1.5,***,1,3,"94,350,724",International
Nicholas-Applegate Intl Core Gr I,NACIX,21.54,13.9,21.54,,,,0,,1.4,2,"88,153,551",International
Nicholas-Applegate Intl Sm Cap Gr I,NAGPX,36.34,18.7,36.34,22.53,16.19,,0,*****,1.4,5,"72,108,873",International
Nicholas-Applegate Intl Sm Cap Gr Q,NAGUX,35.96,18.53,35.96,22.24,,,0.42,*****,1.66,3,"19,088,789",International
Neuberger Berman International,NBISX,2.35,16.43,2.35,12.08,,,0,****,1.71,1,"124,042,172",International
New England International Equity C,NECIX,5.88,14.82,5.88,-0.04,,,1.67,**,2.5,1,"860,810",International
New England International Equity Y,NEIYX,7.29,15.27,7.29,1.32,3.84,,4.33,***,1.15,1,"5,551,776",International
MainStay Instl EAFE Index Instl,NIEAX,19.15,19.85,19.15,8.39,8.2,,1.69,***,0.94,7,"60,948,000",International
Nations International Equity Prim B,NIEPX,15.97,17.89,15.97,,,,0.67,,1.64,2,12,International
Nations International Equity Prim A,NIEQX,16.46,17.7,16.46,8.56,7.32,,0.79,***,1.14,3,"756,035,758",International
Nations International Equity Inv A,NIIAX,16.4,17.71,16.4,8.34,7.06,,0.74,***,1.39,3,"13,006,795",International
Northern International Select Equity,NINEX,22.29,16.21,22.29,11.14,,,0.04,****,1.25,4,"124,048,411",International
MainStay Instl Intl Equity Instl,NINQX,22.41,19.29,22.41,13.1,,,2.92,****,1,4,"129,027,000",International
Nations International Growth Inv B,NITBX,19.01,20.71,19.01,,,,0,,2.15,1,"726,226",International
Nations International Value Inv A,NIVLX,11.82,20.13,11.82,15.8,,,1.12,****,1.73,2,"6,476,065",International
Northern International Growth Equity,NOIGX,23.94,18.84,23.94,11.44,,,0.97,****,1.25,4,"206,939,611",International
Navellier International Equity,NPIEX,6.64,19.69,6.64,,,,0,,1.75,1,"10,726,309",International
Norwest Advantage International I,NVITX,12.6,12.33,12.6,8.36,,,0.92,***,1.5,4,"267,204,013",International
Oakmark International Small Cap,OAKEX,9.2,28.22,9.2,3.02,,,2.37,***,1.93,3,"65,584,316",International
Oakmark International,OAKIX,-7,14.51,-7,7.15,3.92,,2.09,***,1.32,6,"815,901,575",International
One Group Intl Equity Index Fid,OIEAX,21.57,20.46,21.57,11.06,9.41,,2.14,***,0.88,1,"584,654,148",International
PBHG International,PBHIX,12.74,15.36,12.74,9.54,,,1.46,***,2,3,"14,979,819",International
PaineWebber Pace Intl Equity,PCIEX,14.86,18.18,14.86,11.52,,,1.15,****,,3,"175,318,339",International
Preferred International,PFIFX,10.6,14.83,10.6,11.45,9.47,,1.07,***,1.2,6,"265,962,032",International
PIMCo International Developed Instl,PIAIX,23.92,18.26,23.92,10.15,10.88,,0.39,****,1.11,5,"120,491,218",International
Payden & Rygel International Equity R,PIERX,10.83,14.06,10.83,,,,1.91,,0.9,2,"13,859,669",International
BlackRock Intl Equity Svc,PIESX,15.1,17.46,15.1,9.28,7.44,,1.4,***,1.36,2,"142,712,368",International
Principal Spec Mkts Intl Securities,PISPX,8.8,17.22,8.8,14.24,9.09,,1.47,***,0.9,5,"45,197,225",International
Prudential World Intl Stock Z,PISZX,11.14,14.57,11.14,11.61,9.46,,1.03,****,1.5,6,"259,475,966",International
Parkstone Intl Discovery Instl,PKIDX,12.66,18.24,12.66,10.16,6.1,,0.02,***,1.56,6,"328,148,818",International
BlackRock Intl Equity Instl,PNINX,15.45,17.54,15.45,9.65,7.94,,1.67,***,1.06,2,"960,270,601",International
JP Morgan International Equity,PPIEX,13.48,20.23,13.48,7.57,7.19,,2.78,***,1.12,5,"74,026,091",International
JP Morgan International Opport,PPIOX,3.47,21.81,3.47,,,,2.64,,1.2,1,"55,230,897",International
T. Rowe Price Foreign Equity,PRFEX,16.12,18.21,16.12,11.52,8.91,,1.6,***,0.75,10,"3,600,988,891",International
T. Rowe Price International Stock,PRITX,16.14,18.34,16.14,11.43,8.87,10.45,1.43,****,0.85,18,"9,949,599,017",International
Principal Spec Mkts Intl Smallcap,PSMSX,11.92,14.33,11.92,,,,0.67,,1,1,"74,567,376",International
Pictet International Small Companies,PTSCX,5.35,9.5,5.35,,,,0,,1.2,2,"5,699,414",International
Quantitative International Eqty Instl,QIEAX,11.85,18.83,11.85,5.33,,,0.35,***,1.68,4,"1,831,281",International
BEA Intl Equity Instl,RBIEX,20.64,13.66,20.64,15.82,8.24,,1.15,***,1.16,6,"687,624,024",International
Reserve International Equity,RIEAX,18.97,16.15,18.97,7.97,,,0,***,2,3,"11,920,102",International
ABN AMRO International Equity Comm,RIEQX,25.43,22.35,25.43,13.02,11.21,,0.49,****,1.35,1,"142,858,478",International
Republic International Equity,RINEX,12.44,17.23,12.44,12.39,,,1.03,****,1.11,3,"149,364,954",International
RSI Retirement Trust Intl Equity,RSTEX,14.79,16.86,14.79,8.69,7.79,6.74,0,***,1.96,14,"34,080,739",International
Schroder International Inv,SCIEX,13.52,13.03,13.52,8.85,7.49,8.57,0.99,***,0.99,1,"127,298,376",International
Scudder International,SCINX,18.62,14.82,18.62,13.63,9.82,10.62,0,****,1.18,5,"2,878,773,337",International
Standish International Equity,SDIEX,24.53,16.22,24.53,9.28,4.39,6.37,1.25,***,0.5,2,"41,677,920",International
Boston 1784 International Equity,SEEQX,12.45,16.75,12.45,8.2,,,0.22,***,1.24,4,"446,226,090",International
SEI International Equity A,SEITX,19.29,19.35,19.29,8.48,7.28,,1.67,***,1.21,1,"1,190,115,416",International
Safeco International Stock No Load,SFISX,14.26,19.24,14.26,,,,0,,1.63,2,"22,110,783",International
STI Classic Intl Equity Index Tr,SIEIX,30.02,21.26,30.02,14.54,,,1.73,****,1.06,4,"55,258,745",International
Saratoga International Equity,SIEPX,13.22,13.86,13.22,8.85,,,0.8,***,1.4,,"22,349,762",International
Scudder International Growth & Income,SIGIX,9.45,12.22,9.45,,,,0.79,,1.75,1,"52,406,915",International
SSgA International Growth Opport,SINGX,,20.31,,,,,,,1.1,0,"29,027,963",International
Sit International Growth,SNGRX,18.95,19.97,18.95,11.21,7.85,,0.29,***,1.5,7,"96,108,925",International
Bernstein International Value,SNIVX,10.95,11.45,10.95,12.51,9.82,,4.98,****,1.27,6,"5,147,500,021",International
Scudder Pathway International,SPIPX,4.83,12.37,4.83,,,,0.79,,,2,"9,027,776",International
Stein Roe International,SRITX,11.48,17.8,11.48,5.23,,,0.9,***,1.55,3,"129,766,096",International
SSgA Active International,SSAIX,13.54,17.12,13.54,1.99,,,3.89,***,1,3,"97,767,795",International
Sextant International,SSIFX,5.6,23.83,5.6,12.66,,,0,****,1.51,3,"885,391",International
State Street Research Intl Equity S,SSNCX,23.57,16.21,23.57,5.06,4.67,,2.1,***,1.65,0,"13,610,753",International
Strong International Stock,STISX,-7.04,9.63,-7.04,-4.8,-1.74,,2.06,**,1.6,0,"95,373,829",International
STI Classic International Equity Tr,STITX,11.22,16.88,11.22,15.45,,,0.4,****,1.47,0,"564,266,012",International
Schwab MarketManager International,SWOIX,13.29,13.4,13.29,,,,1.17,,0.5,2,"86,000,000",International
Target International Equity,TAIEX,15.49,18.03,15.49,13.76,11.22,,0.61,****,0.93,5,"238,104,308",International
Templeton Instl Foreign Equity,TFEQX,10.16,14.16,10.16,14.28,11.07,,2.14,****,0.84,2,"4,528,689,159",International
Templeton Foreign Adv,TFFAX,-4.77,12.12,-4.77,,,,3.05,,0.87,1,"56,783,920",International
American Cent-20th Cent Intl Grth Is,TGRIX,19.27,15.19,19.27,,,,0.38,,1.18,1,"14,438,259",International
American Cent-20th Cent Intl Disc Is,TIDIX,17.55,13.8,17.55,,,,0,,,0,"63,104,115",International
Consulting Group International Equity,TIEUX,22.61,19.03,22.61,9.34,9.44,,1.26,***,0.97,,"1,397,529,000",International
TIAA-CREF International Equity,TIINX,19.27,21.86,19.27,,,,0.93,,,1,"111,692,000",International
Touchstone International Equity C,TOQCX,18.99,12.59,18.99,14.76,,,0,****,2.35,3,"5,231,703",International
UAM TS&W International Equity,TSWIX,8.26,12.58,8.26,7.07,5.48,,0.1,***,1.3,6,"116,221,505",International
American Cent-20th Cent Intl Grth Adv,TWGAX,18.86,15.34,18.86,,,,0.05,,1.63,2,"23,816,154",International
American Cent-20th Cent Intl Grth Inv,TWIEX,19.01,15.21,19.01,17.7,11.68,,0.17,****,1.38,5,"2,640,040,865",International
UBS Non-U.S. Equity,UBNEX,13.44,16.86,13.44,10.12,,,0.24,***,1.81,3,"4,195,488",International
UMB Scout WorldWide,UMBWX,17.96,15.68,17.96,18.2,14.53,,1.69,*****,0.87,5,"100,161,261",International
Excelsior International,UMINX,7.91,16.34,7.91,8.16,5.87,6.87,0.55,***,1.43,2,"224,162,984",International
USAA International,USIFX,3.95,16.82,3.95,10.53,8.47,9.73,0.96,***,1.05,10,"531,010,714",International
Vanguard Total Intl Stock Index,VGTSX,15.6,20.49,15.6,,,,1.88,,0,2,"2,247,609,770",International
Vontobel International Equity,VNEPX,16.77,18.6,16.77,14.25,9.38,9.45,0,***,1.5,4,"159,735,852",International
Chase Vista Select Intl Equity,VSIEX,13.54,15.67,13.54,,,,2.93,,0.07,2,"231,290,132",International
Vanguard International Value,VTRIX,19.46,20.62,19.46,7.91,7.71,7.7,4.08,***,0.49,2,"809,248,098",International
Vanguard International Growth,VWIGX,16.93,17.79,16.93,11.76,10.07,9.74,1.16,****,0.59,17,"7,491,735,817",International
William Blair International Growth,WBIGX,11.46,16.51,11.46,10.01,7.37,,0.17,***,1.43,2,"139,693,476",International
Wright Intl Blue Chip Equities Stnd,WIBCX,6.14,16.85,6.14,9.17,7.77,,0.41,***,1.31,9,"193,370,136",International
Warburg Pincus Advisor Intl Equity,WIETX,4.2,12.82,4.2,2.95,3.64,,0,***,1.76,7,"312,640,639",International
Warburg Pincus International Grth,WIGCX,20.21,13.59,20.21,,,,1.1,,1.43,6,"1,620,130",International
Pegasus International Equity I,WOIEX,16.43,20.22,16.43,9.43,,,1.4,***,1.1,4,"569,521,656",International
WPG International,WPGIX,16.28,19.22,16.28,7.33,5.14,,0,***,1.71,0,"6,374,904",International
Warburg Pincus Instl Intl Equity,WPIEX,6.15,12.59,6.15,4.78,4.98,,0.9,***,0.95,6,"1,044,857,016",International
Warburg Pincus Major Forgn Mkts Comm,WPMFX,15.94,13.21,15.94,,,,1,,,1,"44,668,774",International
ABN AMRO International Equity Inv,,24.87,22.33,24.87,12.67,10.9,,0.14,****,1.6,1,"1,013,040",International
AIM International Growth Adv,,4.84,17.81,4.84,7.7,,,0.83,***,1.34,2,"1,217,756",International
Alliance International Premier Gr Adv,,,21.67,,,,,,,,0,"1,474,209",International
American Cent-20th Cent Intl Disc Adv,,,13.68,,,,,,,,0,"11,210",International
Arch International Equity Instl,,17.45,19.45,17.45,10.6,,,0.44,***,1.44,4,"8,429,722",International
Avatar Advantage Intl Equity Alloc,,,11.87,,,,,,,,0,"412,591",International
Barr Rosenberg Intl Small Cap Sel,,3.64,10.3,3.64,,,,0.71,,1.91,2,"2,404,691",International
Brinson Global (Ex-U.S.) Equity N,,13.96,16.86,13.96,,,,0.76,,,1,"13,188",International
BT Institutional Intl Eqty II,,22.9,17.27,22.9,,,,0.79,,0.75,1,"7,511,164",International
Delaware International Small Cap Inst,,5.83,19,5.83,,,,2.02,,,1,"3,174,874",International
Dresdner RCM Global Small Cap,,19.66,24.14,19.66,,,,0,,1.75,1,"5,474,126",International
Fidelity Advisor Intl Capital Apr Is,,10.15,17.09,10.15,,,,0,,,1,"4,938,033",International
Idex International Equity C,,10.13,14.81,10.13,,,,0,,2.25,1,"417,246",International
Ivy Canada Adv,,,0.22,,,,,,,,1,"14,798",International
Ivy International II Adv,,7.08,16.55,7.08,,,,1.23,,,0,"449,960",International
Kemper International I,,8.79,14.91,8.79,11.87,,,0,****,1.04,3,"16,598,156",International
Loomis Sayles International Eqty Ret,,9.25,15.17,9.25,,,,1.09,,1.25,1,"152,889",International
MFS International Growth & Inc I,,21,15,21,,,,0,,1.64,1,"36,138",International
MFS Research International I,,13.27,16.09,13.27,,,,0.01,,1.4,1,"1,276,911",International
Morgan Grenfell Intl Equity,,23.49,22.48,23.49,11.04,,,0.56,***,0.9,3,"6,112,656",International
MSDW Fund of Funds Intl D,,9.04,18.15,9.04,,,,0,,,1,"14,428",International
Neuberger Berman International Tr,,,16.55,,,,,,,1.7,0,"1,994,614",International
Nicholas-Applegate Intl Core Gr Q,,21.22,13.83,21.22,,,,0.72,,0,1,"7,185,727",International
Pacific Horizon International Eqty K,,10.76,17.28,10.76,,,,0.79,,1.72,1,"916,993",International
Pillar International Growth I,,8.98,17.08,8.98,6.7,,,0.13,***,1.5,3,"18,917,129",International
PIMCo International Developed Admin,,23.41,18.07,23.41,9.81,,,0,***,1.36,4,"6,974,795",International
PIMCo International Growth Instl,,39.4,25.14,39.4,,,,0.13,,1.36,0,"6,407,523",International
Schroder International Adv,,,13.4,,,,,,,,1,"3,000",International
Scudder International Barrett Intl,,,14.82,,,,,,,,0,"22,202,788",International
Strong Foreign MajorMarkets,,,17.83,,,,,,,,,"1,523,276",International
Strong Overseas,,,24.97,,,,,,,,0,"3,421,560",International
Templeton Foreign Sm Companies Adv,,-6.32,6.87,-6.32,,,,2.27,,1.24,,"14,771,751",International
United International Growth Y,,21.92,13.04,21.92,19.33,,,0.94,*****,0.97,2,"8,072,114",International
Waddell & Reed International Growth Y,,32.94,17.79,32.94,23.44,,,0,*****,1.59,2,"515,638",International
WEBS Index Canada,,-5.75,14.39,-5.75,,,,0.44,,,2,"11,713,809",International
American Capital Exchange,ACEHX,29.36,15.94,29.36,28.08,23.91,18.75,0.41,*****,0.88,8,"86,374,055",LargeGrowth
Armada Equity Growth Instl,AEQIX,29.09,22.87,29.09,28.51,22.1,,0,*****,0.97,0,"1,291,521,272",LargeGrowth
Armada Tax Managed Equity Instl,AETIX,,22.87,,,,,,,,,"243,348,283",LargeGrowth
Accessor Growth,AGROX,46.65,27.65,46.65,32.79,26.74,,0.11,*****,0.93,0,"157,202,582",LargeGrowth
Alger Capital Appreciation Retirement,ALARX,63.44,33.02,63.44,31.29,26.23,,0,****,1.62,5,"6,452,887",LargeGrowth
Alger Growth Retirement,ALGRX,49.97,27.08,49.97,28.37,23.43,,0,****,1.06,5,"44,115,995",LargeGrowth
MSDW American Value D,AMVDX,32.12,18.19,32.12,,,,,,0.64,1,"135,305,114",LargeGrowth
Ark Capital Growth Instl,ARCGX,41.21,35.07,41.21,29.1,19.04,,0,****,0.39,2,"75,073,830",LargeGrowth
Armstrong Associates,ARMSX,19.29,23.34,19.29,14.22,13.33,11.27,4.02,**,1.3,30,"15,121,159",LargeGrowth
Vintage Aggressive Growth,AVAGX,25.42,27.25,25.42,23.59,,,,****,1.56,3,"109,160,920",LargeGrowth
Babson Growth,BABSX,32.24,26.23,32.24,27.27,21.92,16.28,0.17,****,0.8,3,"512,059,968",LargeGrowth
Northern Institutional Divr Growth A,BDVAX,34.97,24.47,34.97,27.67,18.63,,0.39,****,0.67,1,"189,694,578",LargeGrowth
Berger 100,BEONX,16.23,30.38,16.23,14.5,11.2,19.45,0,***,1.3,1,"1,497,912,757",LargeGrowth
Berger Growth & Income,BEOOX,22.49,20.89,22.49,20.22,14.38,16.27,0.22,***,1.44,0,"318,465,306",LargeGrowth
Northern Institutional Focused Grow A,BFGAX,36.53,27.63,36.53,27.66,19.17,,0,***,0.92,1,"137,301,065",LargeGrowth
BB&T Large Company Growth Tr,BLCTX,25.18,24.26,25.18,,,,,,,,"66,139,868",LargeGrowth
Bramwell Growth,BRGRX,34.5,22.7,34.5,26.58,,,,****,1.66,4,"248,483,638",LargeGrowth
Bridgeway Social Responsibility,BRSRX,37.8,25.92,37.8,26.86,,,,*****,1.5,4,"1,697,266",LargeGrowth
Bear Stearns S&P Stars Y,BSSPX,40.09,28.56,40.09,28.4,,,,****,1,0,"36,990,796",LargeGrowth
Bremer Growth Stock,BSTKX,29.91,26.84,29.91,,,,,,1.05,1,"68,079,293",LargeGrowth
MSDW Capital Growth Secs D,CAPDX,18.11,20.15,18.11,,,,,,0.82,1,"6,823,709",LargeGrowth
Capital Exchange,CAPEX,25.75,21.53,25.75,27.78,24.87,19.12,0.67,*****,0.64,8,"175,721,832",LargeGrowth
CrestFunds Capital Appreciation Tr,CCATX,28.88,26.34,28.88,25.49,19.13,,0.02,***,1.1,1,"133,303,878",LargeGrowth
CitiFunds Large Cap Growth,CFLGX,37.19,22.62,37.19,27.07,21.12,,0,****,1.05,3,"486,976,534",LargeGrowth
Chicago Trust Growth & Income,CHTIX,35.45,23.68,35.45,29.12,24.01,,0.03,*****,1.07,5,"428,239,935",LargeGrowth
Columbia Growth,CLMBX,30.34,25.59,30.34,25.79,21.32,18.8,0.18,****,0.71,7,"1,588,204,311",LargeGrowth
CrestFunds Life Vision Maximum Growth,CVMGX,12.31,18.72,12.31,,,,,,,,"17,438,400",LargeGrowth
Delaware U.S. Growth Instl,DEUIX,29.89,25.94,29.89,26.54,,,,****,1.14,1,"35,051,781",LargeGrowth
Dreyfus Appreciation,DGAGX,30.85,20.52,30.85,28.11,24.61,18.49,0.54,*****,0.87,8,"4,168,884,710",LargeGrowth
Dreyfus Third Century,DRTHX,30.17,24.26,30.17,27.93,21.35,16.82,0,****,0.97,4,"1,048,993,656",LargeGrowth
Wilshire Target Large Co Growth Invmt,DTLGX,40.72,25.32,40.72,32.75,26.74,,0.05,*****,0.73,6,"154,751,860",LargeGrowth
Diversified Investors Aggressive Eqty,DVAEX,41.75,32.85,41.75,,,,,,1.41,2,"68,696,175",LargeGrowth
Diversified Investors Equity Growth,DVEGX,35.99,29.77,35.99,26.58,,,,****,1.2,4,"617,103,526",LargeGrowth
Diversified Investors Growth & Income,DVGIX,34.66,24.96,34.66,29.97,,,,*****,1.14,4,"685,996,645",LargeGrowth
Delaware Tax Efficient Equity Instl,DVXIX,25.46,22.68,25.46,,,,,,,1,12,LargeGrowth
Eastcliff Growth,EASGX,29.23,29.76,29.23,22.83,,,,***,1.3,3,"48,718,113",LargeGrowth
Enterprise Growth Y,ENGYX,32.09,27.52,32.09,,,,,,0.97,2,"54,986,620",LargeGrowth
Fidelity Advisor Equity Growth Instl,EQPGX,39.47,24.29,39.47,26.65,23.26,24.92,0.09,*****,0.75,1,"1,087,169,370",LargeGrowth
Excelsior Instl Optimum Growth,EXOAX,65.23,36.46,65.23,,,,,,0.7,2,"74,019,412",LargeGrowth
First American Large Cap Growth Y,FADGX,24.05,21.21,24.05,22.96,,,,****,0.8,4,"766,608,868",LargeGrowth
Fidelity Growth Company,FDGRX,27.23,21.16,27.23,20.9,19.26,20.74,0.16,****,0.68,1,"11,440,403,608",LargeGrowth
Firstar Growth Instl,FIGWX,30.46,24.04,30.46,23.74,18.45,,0.1,***,0.89,2,"236,554,942",LargeGrowth
Fidelity Large Cap Stock,FLCSX,36.48,23.49,36.48,27.33,,,,*****,0.84,0,"316,953,443",LargeGrowth
Invesco Growth,FLRFX,41.72,26.85,41.72,29.68,20.84,19.14,0.29,****,1.04,5,"1,220,076,726",LargeGrowth
First Mutual,FMFDX,34.2,36.27,34.2,26.1,19.96,16.88,0,***,1.74,17,"34,034,403",LargeGrowth
Founders Growth,FRGRX,25.04,21.11,25.04,22.65,21.02,20.31,0.05,****,1.1,0,"2,377,338,718",LargeGrowth
Gabelli Growth,GABGX,29.78,30.19,29.78,30.27,23.17,19.78,0,*****,1.43,3,"1,864,025,777",LargeGrowth
Goldman Sachs Core Large Cap Grth Ins,GCGIX,30.64,25.61,30.64,,,,,,0.72,1,"185,649,328",LargeGrowth
Golden Oak Growth Instl,GDGAX,42.51,23.8,42.51,31.03,20.38,,0.09,****,1.1,3,"43,880,079",LargeGrowth
Galaxy Equity Growth Tr,GEGTX,26.44,24.49,26.44,26.05,,,,****,0.95,4,"904,013,476",LargeGrowth
GMO Growth III,GMOGX,37.3,27.46,37.3,28.83,24.91,20.83,0.57,*****,0.48,10,"156,863,197",LargeGrowth
Globalt Growth,GROWX,25.84,22.43,25.84,24.78,,,,****,1.16,3,"13,578,976",LargeGrowth
Goldman Sachs Core Large Cap Grth Svc,GSCLX,30.13,25.52,30.13,,,,,,1.17,1,"1,164,462",LargeGrowth
Harbor Capital Appreciation,HACAX,36.8,30.01,36.8,29.17,25.15,21.74,0.16,*****,0.7,8,"4,180,992,953",LargeGrowth
Harris Bretall Sullivan Growth Equity,HBSSX,32.14,31.21,32.14,,,,,,1.29,2,"15,294,958",LargeGrowth
Huntington Growth Tr,HGWTX,18.55,15.81,18.55,23.27,20.16,,0.57,****,0.8,5,"325,889,080",LargeGrowth
HighMark Growth Fid,HMGRX,31.76,25.97,31.76,28.35,21.64,,0.02,****,0.92,0,"572,217,321",LargeGrowth
Idex Aggressive Growth C,IAGCX,48.59,29,48.59,24.55,,,,***,2.4,4,"7,447,711",LargeGrowth
IAI Growth,IAGRX,26.53,27,26.53,20.26,16.61,,0,***,1.25,4,"17,852,673",LargeGrowth
ISG Capital Growth Instl,ICGIX,32.4,22.65,32.4,,,,,,0.58,1,"173,542,102",LargeGrowth
Idex Growth C,IDEUX,63.79,27.91,63.79,30.64,24.42,,0,****,2.16,4,"41,577,486",LargeGrowth
IDS New Dimensions Y,IDNYX,28.37,24.26,28.37,25.91,,,,****,0.75,3,"4,990,512,369",LargeGrowth
IDS Growth Y,IGRYX,22.64,27.12,22.64,22.88,,,,***,0.8,3,"686,019,273",LargeGrowth
IPS Millennium,IPSMX,40.28,23.33,40.28,28.48,,,,****,1.4,3,"28,680,037",LargeGrowth
Janus Equity-Income,JAEIX,40.05,26.34,40.05,,,,,,1.45,2,"349,235,822",LargeGrowth
Janus Growth & Income,JAGIX,34.87,21.49,34.87,31.79,24.31,,0.25,*****,0.96,1,"3,504,140,016",LargeGrowth
Janus,JANSX,38.89,28.44,38.89,26.8,21.15,20.43,0.24,*****,0.86,12,"25,490,647,375",LargeGrowth
Janus Olympus,JAOLX,56.97,32.66,56.97,34.29,,,,*****,1.03,1,"1,288,085,591",LargeGrowth
Janus Twenty,JAVLX,73.39,29.67,73.39,42.2,29.58,25.76,0.26,*****,0.91,1,"15,797,150,428",LargeGrowth
Jensen,JENSX,16.7,17.16,16.7,20.22,16.85,,1.13,***,1.02,6,"22,897,151",LargeGrowth
John Hancock Indep Growth,JHIGX,37.94,27.44,37.94,31.32,,,,*****,0.95,3,"7,367,000",LargeGrowth
Lou Holland Growth,LHGFX,35.75,24.03,35.75,,,,,,1.35,2,"9,116,328",LargeGrowth
Loomis Sayles Growth Instl,LSGRX,12.54,22.01,12.54,18.87,16.2,,0,**,0.85,7,"25,999,964",LargeGrowth
MainStay Instl Growth Equity Instl Sv,MAGSX,40.18,27.91,40.18,28.4,,,,*****,1.18,4,"12,958,000",LargeGrowth
Montag & Caldwell Growth N,MCGFX,31.85,26.94,31.85,32.14,,,,*****,1.23,4,"1,157,201,989",LargeGrowth
Montag & Caldwell Growth I,MCGIX,32.26,27.08,32.26,,,,,,0.93,2,"954,752,818",LargeGrowth
Memorial Growth Equity Inst,MFGIX,,21.66,,,,,,,,0,"33,346,581",LargeGrowth
Marsico Focus,MFOCX,51.3,22.41,51.3,,,,,,1.56,1,"1,204,446,583",LargeGrowth
Managers Capital Appreciation,MGCAX,57.34,31.25,57.34,26.34,21.51,19.04,0,****,1.26,,"87,866,575",LargeGrowth
Millennium Growth,MGFQX,84.06,55.39,84.06,,,,,,,1,"9,601,285",LargeGrowth
Marsico Growth & Income,MGRIX,43.4,24.26,43.4,,,,,,1.51,1,"373,739,286",LargeGrowth
MFS Massachusetts Investors Gr Stk I,MGTIX,40.34,25.68,40.34,,,,,,0.49,3,"25,644,210",LargeGrowth
Monetta Large-Cap Equity,MLCEX,8.99,32.13,8.99,21.15,,,,***,1.51,2,"3,783,722",LargeGrowth
Markman Aggressive Allocation,MMAGX,26.17,31.32,26.17,18.8,,,,***,0.95,3,"80,539,822",LargeGrowth
MFS Strategic Growth I,MSGIX,45.71,28.48,45.71,,,,,,1.08,2,"25,113,470",LargeGrowth
Nations Capital Growth Inv A,NCGIX,29.73,28.21,29.73,26,20.42,,0,****,1.2,3,"50,166,430",LargeGrowth
Nations Capital Growth Prim A,NCGRX,30.14,28.39,30.14,26.3,20.69,,0,****,0.95,3,"723,062,655",LargeGrowth
Nations Capital Growth Prim B,NCPGX,29.34,28.07,29.34,,,,,,1.45,2,"278,089",LargeGrowth
New England Capital Growth C,NECGX,28.17,25.3,28.17,19.99,,,,***,2.2,4,"1,494,459",LargeGrowth
Nations Marsico Focused Eq Inv A,NFEAX,50.14,22.46,50.14,,,,,,2.52,1,"2,551,145",LargeGrowth
Nations Marsico Focused Eq Prim A,NFEPX,49.64,22.35,49.64,,,,,,1.52,1,"60,978,614",LargeGrowth
Nations Marsico Grth & Inc Prim A,NGIPX,38.22,20.72,38.22,,,,,,1.09,1,"21,780,848",LargeGrowth
MainStay Instl Growth Equity Instl,NIGEX,40.5,27.97,40.5,28.69,23.5,,0,*****,0.93,7,"818,573,000",LargeGrowth
Noah,NOAHX,52.77,35.95,52.77,,,,,,1.42,2,"3,700,000",LargeGrowth
Northern Select Equity,NOEQX,35.13,27.48,35.13,29.34,,,,*****,1,4,"164,383,842",LargeGrowth
Northern Growth Equity,NOGEX,33.16,24.77,33.16,26.84,,,,****,1,3,"594,655,528",LargeGrowth
Nuveen Rittenhouse Growth R,NRGRX,25.67,21.37,25.67,,,,,,1.1,1,"41,888,031",LargeGrowth
Norwest Advantage Large Co Growth I,NVLCX,48.01,31.64,48.01,35.06,,,,*****,,4,"363,555,000",LargeGrowth
OVB Capital Appreciation A,OCAAX,35.05,29.02,35.05,25.84,20.23,,0,***,1.02,5,"132,355,065",LargeGrowth
Oppenheimer Capital Appreciation Y,OTCYX,24.46,26.84,24.46,,,,,,0.69,1,"246,541,136",LargeGrowth
OVB Capital Appreciation B,OVCBX,34.63,28.91,34.63,25.52,19.9,,0,***,1.27,5,"10,015,925",LargeGrowth
Old Westbury Core Equity,OWCEX,,25.95,,,,,,,,,"45,583,859",LargeGrowth
Papp America-Abroad,PAAFX,23.83,27.81,23.83,27.11,24.85,,0.12,*****,1.11,7,"342,814,176",LargeGrowth
Papp America-Pacific Rim,PAPRX,28.68,26.89,28.68,,,,,,1.25,1,"14,705,830",LargeGrowth
PIMCo Core Equity Admin,PCEAX,40.47,24.69,40.47,27.34,,,,****,1.08,1,"168,264,081",LargeGrowth
PaineWebber Pace Large Co Growth Eqty,PCLCX,40.79,32.5,40.79,28.67,,,,*****,,3,"334,910,196",LargeGrowth
Preferred Growth,PFGRX,35.89,28.75,35.89,28.62,21.99,,0,****,0.84,0,"506,581,372",LargeGrowth
Pegasus Growth I,PGRIX,38.14,27.8,38.14,28.38,,,,*****,0.79,2,"865,065,386",LargeGrowth
Pacific Capital Growth Stock Instl,PGRSX,35.94,29.47,35.94,26.85,,,,****,1.09,4,"407,943,379",LargeGrowth
Phoenix Duff&Phelps Instl Grth Stk Y,PGSYX,30.2,22.2,30.2,,,,,,0.7,0,"42,178,166",LargeGrowth
Provident Inv Couns Growth,PIPGX,38.6,23.07,38.6,28.85,20.83,,0,****,1.25,6,"140,143,841",LargeGrowth
Prudential Jennison Growth Z,PJFZX,38.07,30.28,38.07,,,,,,0.84,2,"1,195,673,409",LargeGrowth
Parkstone Large Capitalization Instl,PLCIX,42.62,25.53,42.62,31.4,,,,*****,1.1,3,"428,467,586",LargeGrowth
PBHG Large Cap 20 PBHG,PLCPX,67.83,31.43,67.83,,,,,,1.41,2,"545,179,455",LargeGrowth
Pillar Equity Growth I,PLGIX,31.81,20.71,31.81,,,,,,0.8,1,"199,930,212",LargeGrowth
BlackRock Large Cap Gr Eq Instl,PNAPX,41.31,26.28,41.31,29.75,21.46,,0,****,0.75,1,"1,109,635,752",LargeGrowth
BlackRock Large Cap Gr Eq Svc,PNGEX,40.89,26.26,40.89,29.38,21.11,,0,****,1.05,1,"235,340,427",LargeGrowth
Putnam Investors Y,PNVYX,35.88,25.29,35.88,,,,,,0.7,,"216,957,222",LargeGrowth
Potomac OTC Plus,POTCX,104.22,43.44,104.22,,,,,,,1,"73,853,034",LargeGrowth
Potomac OTC/Short,POTSX,-52.99,-27.97,-52.99,,,,,,,,"808,085",LargeGrowth
Putnam Voyager Y,PVYYX,24.38,26.81,24.38,21.12,,,,***,0.71,4,"1,454,159,189",LargeGrowth
Janus Mercury,Quote Plus,30.04,58.41,27.76,26.3,,0,,*****,0.96,5,"3,111,545,396",LargeGrowth
Reserve Blue Chip Growth,RBCAX,36.62,30.79,36.62,23.03,,,,***,1.75,4,"10,479,008",LargeGrowth
Reynolds Blue Chip Growth,RBCGX,54.12,31.39,54.12,37.48,27.98,18.25,0,*****,1.4,10,"128,460,822",LargeGrowth
Regions Growth Tr,RGRAX,,24.09,,,,,,,,0,"256,682,775",LargeGrowth
Chase Equity-Growth Instl,RITEX,41.38,27.4,41.38,32.72,23.85,17.84,0.06,*****,1,4,"178,878,495",LargeGrowth
Reserve Large-Cap Growth,RLVAX,25.16,16.82,25.16,27.54,,,,*****,1.75,2,"19,923,609",LargeGrowth
Reynolds Opportunity,ROPPX,59.14,32.59,59.14,27.67,23.59,,0,****,1.5,6,"36,263,924",LargeGrowth
Robertson Stephens Value + Growth A,RSVPX,27.44,24.07,27.44,18.29,23.8,,0,***,1.44,6,"678,271,153",LargeGrowth
Rydex OTC Inv,RYOCX,86.48,35.51,86.48,48.14,,,,*****,1.13,1,"1,109,417,355",LargeGrowth
Stein Roe Advisor Young Investor A,SAIAX,,20.53,,,,,,,,0,"55,700,000",LargeGrowth
Steadman Security Trust,SASSX,59.46,31.11,59.46,21.99,7.29,7.61,0,*,7.34,0,"4,507,000",LargeGrowth
Strong Blue Chip 100,SBCHX,43.92,27.66,43.92,,,,,****,0.73,0,"297,220,033",LargeGrowth
Scudder Large Company Growth,SCQGX,33.23,26.48,33.23,27.88,22.28,,0,****,1.21,3,"560,652,539",LargeGrowth
One Group Large Company Growth Fid,SEEGX,44.71,24.51,44.71,31.11,24.76,,0,*****,0.99,0,"1,733,613,410",LargeGrowth
Boston 1784 Growth & Income,SEGWX,22.7,17.32,22.7,21.99,18.79,,0.18,****,0.9,5,"579,090,506",LargeGrowth
SEI Instl Mgd Large Cap Growth A,SELCX,38.8,29.31,38.8,31.91,,,,*****,0.85,4,"1,890,371,448",LargeGrowth
UAM Sirach Growth Instl,SGRWX,25.95,25.58,25.95,27.02,19.65,,0.06,,1.15,6,"30,208,951",LargeGrowth
UAM Sirach Equity Instl,SIEQX,29.93,25.01,29.93,,,,,****,0.9,6,"84,996,347",LargeGrowth
Steadman Investment,SINVX,50.56,35.35,50.56,9.17,-1.15,0.94,0,*,6.48,0,"1,562,327",LargeGrowth
Saratoga Large Capitalization Growth,SLCGX,36.44,34.27,36.44,28.05,,,,*****,1.18,4,"106,775,721",LargeGrowth
Sit Large Cap Growth,SNIGX,30.56,22.54,30.56,28.38,23.43,18.19,0.01,*****,1,16,"119,935,406",LargeGrowth
Spectra,SPECX,47.94,33.74,47.94,30.14,27.54,25.81,0,*****,2.12,24,"224,203,033",LargeGrowth
Stein Roe Growth Stock,SRFSX,25.54,24.78,25.54,25.96,21.13,19.21,0,****,1.07,4,"759,855,536",LargeGrowth
Stein Roe Young Investor,SRYIX,17.65,20.82,17.65,26.14,,,,****,1.31,3,"821,407,830",LargeGrowth
Strategist Growth,STGRX,22.4,27.03,22.4,,,,,,1,1,"150,035,479",LargeGrowth
Strategist Growth Trends,STGTX,28.27,24.23,28.27,,,,,***,1.1,5,"1,022,531,226",LargeGrowth
Strong Total Return,STRFX,32.05,22.19,32.05,23.21,18.56,13.9,0.21,,,1,"258,299,000",LargeGrowth
State Street Research Growth S,STSGX,26.18,29.45,26.18,16.29,15,14.44,0,**,0.66,1,"140,471,643",LargeGrowth
Target Large Capitalization Growth,TALGX,44.22,33.06,44.22,28.25,21.38,,0,,,0,"2,772",LargeGrowth
American Cent-20th Cent Growth Adv,TCRAX,36.54,20.44,36.54,,,,,,1.25,0,"6,859,540",LargeGrowth
Transamerica Premier Equity Inv,TEQUX,33.85,26.88,33.85,36.59,,,,,,0,"2,726",LargeGrowth
Consulting Group Large Cap Growth,TLGUX,38.06,26.05,38.06,29.2,23.28,,0.13,*****,0.69,0,"2,164,674,000",LargeGrowth
Turner Growth Equity,TRGEX,38.07,25.63,38.07,29.32,21.25,,0,,1,1,"6,355,662",LargeGrowth
American Cent-20th Cent Growth Inv,TWCGX,36.82,20.5,36.82,26.71,19.25,18.74,0,****,1,0,"6,493,188,956",LargeGrowth
American Cent-20th Cent Ultra Inv,TWCUX,34.56,23.02,34.56,23.56,20.14,24.04,0,****,1,2,"27,149,970,442",LargeGrowth
American Cent-20th Cent Growth Instl,TWGIX,37.16,20.59,37.16,,,,,,0.8,0,"178,941",LargeGrowth
American Cent-20th Cent Ultra Adv,TWUAX,34.23,22.93,34.23,,,,,,1.25,2,"119,163,708",LargeGrowth
American Cent-20th Cent Ultra Inst,TWUIX,34.86,23.05,34.86,,,,,,0.8,2,"30,569,508",LargeGrowth
USAA First Start Growth,UFSGX,40.46,30.12,40.46,,,,,,1.65,1,"74,047,347",LargeGrowth
Excelsior Large Cap Growth,UMLGX,67.04,39.37,67.04,,,,,,1.05,1,"86,459,380",LargeGrowth
ProFunds UltraOTC Inv,UOPIX,185.34,72.73,185.34,,,,,,1.07,1,"90,002,118",LargeGrowth
ProFunds UltraOTC Svc,UOPSX,183.98,72.65,183.98,,,,,,1.75,1,"23,628,004",LargeGrowth
U.S. Global Leaders Growth,USGLX,31.98,29.43,31.98,31.67,,,,,0.9,2,"39,763,699",LargeGrowth
Value Line Leveraged Growth Investors,VALLX,39.63,30.98,39.63,28.34,22.78,19.67,0,****,0.86,26,"536,977,539",LargeGrowth
Vanguard Growth Index,VIGRX,42.21,24.64,42.21,33.87,27.79,,0.69,*****,0.2,6,"5,720,962,073",LargeGrowth
Value Line U.S. Multinational Company,VLUMX,31.12,32.21,31.12,27.39,,,,****,1.69,3,"28,135,257",LargeGrowth
Chase Vista Select Large Cap Growth,VSLGX,40.83,25.97,40.83,,,,,,0.02,2,"746,606,607",LargeGrowth
Vanguard U.S. Growth,VWUSX,39.98,24.73,39.98,30.49,26.16,21.2,0.48,*****,0.41,12,"12,342,642,281",LargeGrowth
Citizens Index,WAIDX,42.75,27.49,42.75,33.34,,,,*****,1.59,0,"437,864,620",LargeGrowth
Citizens Index Instl,WINIX,43.79,27.75,43.79,,,,,,0.88,0,"43,704,798",LargeGrowth
Wilshire Target Large Co Growth Instl,WLCGX,40.84,25.39,40.84,,,,,,0.62,2,"50,839,211",LargeGrowth
White Oak Growth Stock,WOGSX,39.51,37.53,39.51,31.88,30.07,,0,*****,0.98,6,"1,092,285,219",LargeGrowth
Advantus Horizon C,,33.43,21.08,33.43,25.26,,,,****,2.07,2,"2,635,642",LargeGrowth
AIM Weingarten Instl,,33.03,27.61,33.03,25.77,21.95,,0.39,****,0.64,7,"89,623,964",LargeGrowth
American Trust Allegiance,,36.22,27.07,36.22,,,,,,1.45,1,"11,629,220",LargeGrowth
Chase Growth,,29.64,23.69,29.64,,,,,,1.47,1,"5,693,819",LargeGrowth
Dresdner RCM Large Cap Growth,,44.86,29.93,44.86,,,,,,0.95,1,"7,923,541",LargeGrowth
Excelsior Instl Optimum Growth Tr,,64.66,36.33,64.66,,,,,,1.05,2,"9,449,982",LargeGrowth
Johnson Growth,,29.1,23.05,29.1,26.43,20.56,,0.16,****,0.97,5,"42,924,197",LargeGrowth
Kemper Growth I,,14.68,27.71,14.68,16.28,,,,**,0.65,1,"25,161,002",LargeGrowth
Kobrick Growth,,,,33.59,,,,,,,,"1,430,363",LargeGrowth
Loomis Sayles Growth Ret,,12.25,21.94,12.25,,,,,,1.1,1,"607,117",LargeGrowth
Memorial Growth Equity Tr,,,,21.63,,,,,,,0,"257,809",LargeGrowth
Nations Marsico Grth & Inc Inv C,,38.22,20.72,38.22,,,,,,2.09,1,"1,211,720",LargeGrowth
Navellier Large Cap Growth,,41.17,27.71,41.17,,,,,,1.9,1,"2,401,723",LargeGrowth
Nicholas-Applegate Large Cap Gr I,,60.29,37.8,60.29,,,,,,1,2,"3,791,872",LargeGrowth
Nicholas-Applegate Large Cap Gr Q,,59.56,37.56,59.56,,,,,,,1,"2,623,298",LargeGrowth
PIMCo Core Equity Instl,,41.06,24.9,41.06,27.75,,,,****,0.83,1,"1,761,551",LargeGrowth
State Street Research Athletes S,,,,24.76,,,,,,,0,,LargeGrowth
State Street Research Legacy S,,32.27,23.27,32.27,,,,,,1,1,"4,351,986",LargeGrowth
Stein Roe Advisor Growth Stock K,,24.59,24.48,24.59,,,,,,1.35,1,"4,000,000",LargeGrowth
Stein Roe Advisor Young Investor K,,15.33,20.68,15.33,,,,,,,1,"400,000",LargeGrowth
Transamerica Premier Equity A,,,,26.8,,,,,*****,1.49,0,"266,799,197",LargeGrowth
Transamerica Premier Equity M,,,,26.69,,,,,****,1.02,6,"123,726,183",LargeGrowth
Turner Ultra Large Cap,,45.22,29.73,45.22,,,,,*****,1.42,3,"87,094,612",LargeGrowth
United Vanguard Y,,31.5,24.5,31.5,19.34,,,,***,0.9,1,"5,474,897",LargeGrowth
American AAdvantage Growth & Inc Inst,AADEX,6.17,12.28,6.17,17.59,16.7,15.38,1.86,***,0.61,11,"128,804,843",LargeValue
American AAdvantage Growth & Inc AMR,AAGAX,6.51,12.38,6.51,17.91,,,2.19,***,0.34,4,"106,754,409",LargeValue
American AAdvantage Growth & Inc Milg,AAGMX,5.88,12.24,5.88,17.4,,,1.6,***,1,4,"1,273,812,035",LargeValue
American AAdvantage Growth & Inc Plan,AAGPX,5.88,12.27,5.88,17.25,,,1.68,***,0.93,4,"30,908,058,305",LargeValue
Armada Equity Income Instl,AEIIX,10.23,11.8,10.23,19.12,,,1.64,***,1.01,0,"2,328,667,318",LargeValue
AARP Growth & Income,AGIFX,6.14,11.3,6.14,19.14,18.1,16.37,2.18,****,0.67,12,"8,079,205,944",LargeValue
AHA Diversified Equity,AHDEX,17.56,21.15,17.56,25.3,21.54,16.91,1.4,****,0.17,11,"4,284,739,411",LargeValue
American Century Income & Growth Adv,AMADX,27.37,22.12,27.37,,,,1.02,,0.94,1,"1,534,156,450",LargeValue
Amana Mutual Funds Trust Income,AMANX,14.07,9.25,14.07,17.04,13.48,11.7,1.01,***,1.36,9,"2,905,050,979",LargeValue
American Century Equity Growth Instl,AMEIX,25.59,23.17,25.59,,,,1.04,,,0,"158,928,577",LargeValue
American Century Income & Growth Inst,AMGIX,,22.23,,,,,,,,0,"827,828,283",LargeValue
Amway Mutual,AMWYX,10.17,10.45,10.17,18.09,15.57,15.92,0.95,***,0.9,3,"29,025,859",LargeValue
API Capital Income,APIGX,14.17,21,14.17,18.95,16.36,10.93,2.92,***,1.77,10,"50,457,548",LargeValue
Aquinas Equity Income,AQEIX,5.5,14.19,5.5,17.55,16.42,,1.47,***,1.37,4,"389,275,386",LargeValue
Ark Equity-Income Instl,AREIX,8.62,11.54,8.62,,,,2.22,,,2,"127,619,132",LargeValue
Arch Equity Income Tr,ARUTX,11.12,10.18,11.12,,,,1.89,,,1,"358,988,366",LargeValue
Atlas Strategic Growth A,ASGAX,11.22,16.49,11.22,20.42,17.59,,0.51,***,1.21,5,"468,800,000",LargeValue
Accessor Value & Income,AVAIX,12.89,18.96,12.89,22.98,19.42,,0.97,****,1.05,0,"2,018,770,406",LargeValue
AmSouth Equity Prem,AYEQX,18.38,16.87,18.38,,,,1.2,,,,"63,313,094",LargeValue
BB&T Growth & Income Stock Tr,BBISX,13.1,16.92,13.1,22.53,19.33,,1.28,****,0.86,5,"854,840,528",LargeValue
American Century Equity Growth Adv,BEQAX,25.14,22.98,25.14,,,,0.67,,0.94,1,"199,986,030",LargeValue
American Century Equity Growth Inv,BEQGX,25.45,23.1,25.45,29.54,23.88,,0.85,*****,0.69,1,"64,160,024",LargeValue
American Century Income & Growth Inv,BIGRX,27.67,22.18,27.67,28.69,23.74,,1.15,*****,0.66,1,"67,397,885",LargeValue
Boston Partners Large Cap Value Instl,BPLAX,-0.64,11.4,-0.64,,,,0.33,,1,1,"2,668,578,527",LargeValue
Wachovia Quantitative Equity Y,BTQYX,24.59,23.29,24.59,,,,1.04,,0.87,1,"22,484,289",LargeValue
Buffalo Equity,BUFEX,10.68,19.74,10.68,21.12,,,0.32,***,1.09,3,"114,871,651",LargeValue
Babson Value,BVALX,6.07,14.07,6.07,18.11,17.34,15.6,1.19,***,0.97,14,"278,388,870",LargeValue
UAM Chicago Asset Mgmt Value/Contr,CAMEX,15.86,16.81,15.86,16.19,,,0.94,***,0.95,4,"1,272,529",LargeValue
Centura Large-Cap C,CEICX,15.77,23.38,15.77,,,,1.55,,0.75,2,"406,403,933",LargeValue
CitiFunds Growth and Income,CFGIX,,17.18,,,,,,,,0,"432,067,351",LargeValue
Clipper,CFIMX,19.2,12.32,19.2,22.91,21.33,17.63,1.85,****,1.08,14,"13,559,785,036",LargeValue
Oppenheimer Disciplined Value Y,CGRYX,8.91,18.43,8.91,,,,1.15,,0.78,12,"3,723,990",LargeValue
CrestFunds Value Tr,CRVAX,18.2,16.41,18.2,21.58,18.19,,0.55,****,1.02,1,"143,647,311",LargeValue
Calvert Social Investment Equity C,CSECX,9.76,26.47,9.76,15.82,,,0,**,2.3,0,"19,453,699,028",LargeValue
Dreyfus Premier Core Value Instl,DCVFX,7.2,15.07,7.2,17.77,17.37,,0.66,***,1.04,0,"202,245,995",LargeValue
Delaware Decatur Income Instl,DEDIX,10.1,11.9,10.1,19.91,,,2.71,****,0.68,4,"4,458,353,748",LargeValue
Delaware Decatur Total Return Instl,DERIX,10.9,13.49,10.9,20.65,19.12,,1.67,****,0.83,5,"77,227,405",LargeValue
RWB/DFA U.S. High Book to Market,DFBMX,12.06,16.84,12.06,,,,1.48,,,2,"98,445,429",LargeValue
DFA U.S. Large Cap Value II,DFCVX,11.98,16.78,11.98,19.68,,,1.69,***,0.82,4,"594,423,326",LargeValue
DFA U.S. Large Cap Value,DFLVX,11.98,16.78,11.98,19.93,17.9,,1.49,***,0.35,5,"890,255,296",LargeValue
DFA U.S. Large Cap Value III,DFUVX,12.18,16.83,12.18,20.08,,,1.68,***,0.26,3,"3,239,368,523",LargeValue
Dreyfus Growth & Income,DGRIX,12.83,18.54,12.83,14.4,12.15,,0.88,**,1.01,1,"1,080,360,000",LargeValue
DLB Value,DLBVX,5.25,13.06,5.25,18.14,,,1.73,***,0.71,3,"7,004,825,603",LargeValue
Davis NY Venture Y,DNVYX,15.12,21.43,15.12,,,,0.72,,0.59,2,"23,707,359,006",LargeValue
Dodge & Cox Stock,DODGX,5.4,13.26,5.4,18.28,18.34,16.12,1.59,***,0.57,32,"658,140,795",LargeValue
Dreyfus Premier Value R,DPVRX,10.25,16.4,10.25,14.93,,,0.58,**,0.94,3,"537,851,182",LargeValue
Dreyfus Equity Dividend,DREDX,10.97,10.43,10.97,18.55,,,1.65,***,1.27,3,"200,000,000",LargeValue
Dreyfus Growth Opportunity,DREQX,16.13,20.53,16.13,17.78,14.46,12.03,0.66,***,1.06,3,"7,695,881,296",LargeValue
Dreyfus Premier Growth & Income R,DRERX,11.25,18.65,11.25,26.08,,,0.24,****,0.99,3,"70,865,110",LargeValue
Dreyfus,DREVX,17.15,20.31,17.15,14.55,12.24,11.83,0.91,**,0.71,1,"485,840,047",LargeValue
UAM DSI Disciplined Value Instl,DSIDX,10.19,14.2,10.19,18.44,16.69,,1.05,***,1.05,1,"100,400,000",LargeValue
UAM DSI Disciplined Value Instl Svc,DSVIX,9.88,14.15,9.88,,,,0.77,,1.3,1,"50,774,416",LargeValue
Dreyfus Premier Core Value R,DTCRX,7.05,15.11,7.05,17.83,,,0.77,***,0.89,0,"69,363,981",LargeValue
Wilshire Target Large Co Value Invmt,DTLVX,10.31,13.63,10.31,19.24,17.61,,1.44,***,0.86,6,"38,926,819",LargeValue
Diversified Investors Equity Income,DVEIX,12.45,13.45,12.45,19.68,,,1.13,****,1,4,"285,188,819",LargeValue
Diversified Investors Equity Value,DVEVX,10.75,10.84,10.75,,,,8.54,,1.07,2,"1,968,149,000",LargeValue
Evergreen Value Y,EGVYX,9.77,11.55,9.77,18.14,17.35,,1.02,***,0.7,0,"248,975,094",LargeValue
Endowments Growth and Income,ENDIX,11.19,11.36,11.19,18.92,16.97,15.02,2.81,****,0.73,9,"71,277,472",LargeValue
Enterprise Managed Y,ENMYX,7.19,11.9,7.19,16.92,,,0.96,***,1.04,3,"1,369,639,633",LargeValue
Fidelity Advisor Equity Income Instl,EQPIX,16.77,17.9,16.77,19.45,19.59,15.97,1.1,****,0.67,2,"161,817,837",LargeValue
California Investment Equity Income,EQTIX,13.15,17.08,13.15,,,,2.52,,0.78,2,"904,526,383",LargeValue
Evergreen Select Diversified Val Inst,ESUIX,,19.3,,,,,,,,0,"231,641,941",LargeValue
Fidelity Advisor Growth Opport Instl,FAGCX,24.63,20.63,24.63,23.97,,,1.15,****,0.7,3,"94,478,050",LargeValue
First American Equity-Income Y,FAQIX,16.22,11.45,16.22,21.31,,,2.48,****,0.75,4,"74,810,751",LargeValue
FBP Contrarian Equity,FBPEX,17.76,24.61,17.76,21.94,19.86,,0.5,****,1.12,5,"1,054,619,012",LargeValue
Fidelity Equity-Income,FEQIX,12.52,16.16,12.52,20.97,18.52,15.69,1.47,****,0.65,5,"846,362,443",LargeValue
Fidelity Equity-Income II,FEQTX,22.98,20.55,22.98,22.91,19.34,,1.01,****,0.68,2,"216,325,137",LargeValue
Flag Investors Equity Partners Instl,FLIPX,25.63,30.03,25.63,,,,0.17,,1.1,2,"64,876,764",LargeValue
Flex-funds Muirfield,FLMFX,29.56,25.45,29.56,17.58,16,13.9,1.51,***,1.29,10,"12,513,875",LargeValue
First Omaha Equity,FOEQX,7.84,10.74,7.84,14.19,15.19,,1.71,***,1.04,6,"373,400,866",LargeValue
Invesco Value Equity,FSEQX,15.05,16.66,15.05,20.39,18.84,15.61,0.76,****,1.15,5,"1,217,038",LargeValue
First American Large Cap Value Y,FSKIX,9.99,16.64,9.99,20.48,,,1.25,****,0.8,11,"1,383,439",LargeValue
Federated Stock,FSTKX,17.26,16.48,17.26,24.07,20.86,16.24,0.87,****,0.99,1,"43,140,900",LargeValue
Matterhorn Growth,FWLEX,12.27,19.36,12.27,12.14,9.3,12.7,0,**,3.65,1,"56,796,135",LargeValue
Gabelli Equity-Income,GABEX,20.45,20.53,20.45,21.98,18.68,,7.94,****,1.78,7,"123,555,617",LargeValue
Galaxy Equity Value Tr,GEVTX,24.15,27.21,24.15,24.58,,,0.23,****,1.04,4,"163,746,412",LargeValue
GMO U.S. Core III,GMCTX,24.69,19.49,24.69,25.6,23.78,19.74,1.3,*****,0.48,13,"18,430,356,088",LargeValue
GMO Value III,GMOVX,11.66,12.76,11.66,20.69,19.57,,1.82,****,0.61,8,"469,422,026",LargeValue
GMO U.S. Core IV,GMRFX,,19.5,,,,,,,,0,"117,050,741",LargeValue
GMO U.S. Core II,GMTWX,24.52,19.4,24.52,,,,1.27,,,2,"271,222,023",LargeValue
Golden Oak Value Instl,GOVAX,6.18,15.27,6.18,,,,0.45,,,,"1,724,670,832",LargeValue
Goldman Sachs Growth & Inc Svc,GSGSX,-5.45,7.15,-5.45,,,,0.76,,1.32,1,"22,293,528",LargeValue
Goldman Sachs Growth & Inc Instl,GSIIX,-4.98,7.28,-4.98,,,,1.28,,0.83,1,"4,502,602,651",LargeValue
Glenmede Tax Managed Equity,GTCEX,14.86,19.08,14.86,26.53,21.27,,1.49,****,0.13,0,"2,359,230,306",LargeValue
Glenmede Large Cap Value,GTMEX,17.51,22.78,17.51,24.86,17.66,,1.46,***,0.13,0,"179,955,405",LargeValue
Harris Insight Equity-Income Instl,HEIIX,23.03,19.81,23.03,,,,1.09,,0.93,2,"2,591,099,279",LargeValue
Harris Insight Equity-Income A,HENAX,22.71,19.67,22.71,,,,0.84,,1.18,2,"8,518,077",LargeValue
Harris Insight Equity Instl,HEQIX,14.09,19.13,14.09,,,,0.58,,0.9,2,"831,892,000",LargeValue
Huntington Income-Equity Tr,HIEFX,17.79,12.24,17.79,20.15,17.09,,2.62,****,0.81,8,"202,559",LargeValue
Harris Insight Equity A,HIEQX,13.7,18.99,13.7,24.37,20.62,17.23,0.32,****,0.94,2,"732,269,314",LargeValue
One Group Large Company Value Fid,HLQVX,13.89,15.5,13.89,19.94,16.78,,1.12,***,0.95,0,"41,197,584",LargeValue
HighMark Income-Equity Fid,HMIEX,15.12,16.71,15.12,19.25,18.09,15.43,1.33,***,0.99,0,"1,777,495,964",LargeValue
HighMark Value Momentum Fid,HMVMX,9.72,18.05,9.72,21.69,19.65,,1.2,****,0.81,0,"8,315,949",LargeValue
Hotchkis & Wiley Equity-Income,HWEQX,4.32,9.22,4.32,17.11,15.81,14.13,1.95,***,0.87,4,,LargeValue
ICAP Equity,ICAEX,11.42,16.48,11.42,22,,,1.29,****,0.8,4,"21,923,940",LargeValue
ICAP Discretionary Equity,ICDEX,10.17,14.25,10.17,21.17,,,1.57,****,0.8,4,"3,915,056",LargeValue
UAM ICM Equity,ICMEX,-3.37,11.49,-3.37,17.41,16.32,,1.8,***,0.9,0,"13,975,832",LargeValue
IDS Diversified Equity-Income Y,IDQYX,11.9,15.44,11.9,16.93,,,1.92,***,0.76,0,"281,770,612",LargeValue
Intrust Stock Instl Svc,ISISX,9.85,10.34,9.85,,,,0.7,,,1,"1,060,920",LargeValue
John Hancock Indep Value,JHIVX,18.79,18.79,18.79,23.25,,,1.17,****,0.95,3,"3,105,277",LargeValue
John Hancock Indep Medium Cap,JHMCX,12.25,18,12.25,20.49,,,0.63,***,1,3,"272,013,881",LargeValue
Kent Growth & Income Instl,KNVEX,28.07,21.19,28.07,23.84,20.83,,0.71,****,0.92,0,"45,150,424",LargeValue
Kent Growth & Income Invmt,KNVIX,27.69,21.08,27.69,23.52,20.58,,0.5,****,1.17,0,"1,209,190",LargeValue
Kobren Moderate Growth,KOMGX,3.44,11.27,3.44,,,,1.78,,0.92,2,"1,040,444",LargeValue
Lexington Corporate Leaders,LEXCX,9.94,8.91,9.94,18.33,18.01,16.43,4.25,****,0.62,10,"399,763,798",LargeValue
Legg Mason Value Nav,LMNVX,49.4,36.15,49.4,42.4,,,0,*****,0.73,4,"958,596,279",LargeValue
Legg Mason Value Prim,LMVTX,48.04,35.86,48.04,41.09,32.01,20.92,0,*****,1.73,16,"6,324,541",LargeValue
Loomis Sayles Core Value Instl,LSGIX,10.54,15.65,10.54,20.05,18.32,,1.26,****,0.84,7,"321,420,353",LargeValue
Lipper U.S. Equity Group,LUEGX,11.25,11.92,11.25,,,,0.9,,1.35,2,"71,677,844",LargeValue
Lipper U.S. Equity Prem,LUEPX,11.44,12.01,11.44,17.88,,,1.09,***,1.1,3,"4,706,649",LargeValue
Lipper U.S. Equity Ret,LUERX,11.25,11.91,11.25,,,,0.83,,1.35,2,"38,754,750",LargeValue
Lazard Equity Open,LZEOX,16.98,21.88,16.98,,,,0.89,,1.22,1,"72,789,381",LargeValue
Lazard Equity Instl,LZEQX,17.31,21.97,17.31,20.74,20.3,16.8,1.15,****,0.86,11,"28,247,548",LargeValue
MainStay Instl Value Equity Instl Svc,MAVSX,-8.3,6.86,-8.3,11.04,,,0.94,**,1.18,4,"1,334,437,056",LargeValue
Montgomery Equity Income P,MEIPX,10.11,12.6,10.11,,,,1.86,,1.1,4,"103,493,414",LargeValue
Managers Income Equity,MGIEX,11.73,14.4,11.73,18.49,17.68,15.66,1.2,***,1.32,,"89,881,458",LargeValue
Montgomery Equity Income R,MNEIX,10.74,12.78,10.74,18.23,,,2.1,***,0.85,4,"117,621,180",LargeValue
MAS Equity Instl,MPEQX,19.67,21.34,19.67,21.99,19.41,17.48,0.9,****,0.59,12,"30,836,358",LargeValue
Marshall Equity-Income,MREIX,10.48,11.67,10.48,19.52,17.66,,1.85,****,1.22,5,"87,159,545",LargeValue
MSDW Instl Value Equity A,MSIVX,8.79,18.45,8.79,18.95,17.3,,1.42,***,0.7,8,"94,539,597",LargeValue
Munder Growth & Income K,MUGKX,10.07,13.69,10.07,18.96,,,1.45,***,1.19,3,"1,046,801",LargeValue
Munder Growth & Income Y,MUGYX,10.42,13.83,10.42,19.29,,,1.7,****,0.94,3,"99,602,077",LargeValue
Ark Value Equity Instl,MVEFX,19.39,18.89,19.39,,,,0.72,,1.05,0,"40,024,824",LargeValue
Nicholas-Applegate Value I,NAVIX,20.13,16.99,20.13,,,,0.53,,1,2,"2,751,426",LargeValue
Neuberger Berman Focus Assets,NBFAX,17.56,40.19,17.56,,,,0,,1.5,2,"18,135,216",LargeValue
Neuberger Berman Focus Tr,NBFCX,13.17,34.52,13.17,17.78,17.54,,0.13,***,0.94,5,"397,343,277",LargeValue
Neuberger Berman Guardian Tr,NBGTX,2.36,23.16,2.36,12.4,13.73,,0.45,**,0.87,3,"10,013,945",LargeValue
Neuberger Berman Guardian Assets,NBGUX,1.67,22.98,1.67,,,,0,,1.5,2,"70,127,586",LargeValue
Neuberger Berman Partners Assets,NBPBX,5.59,16.17,5.59,,,,0.39,,1.5,8,"219,304,669",LargeValue
Neuberger Berman Partners Tr,NBPTX,6.14,16.27,6.14,20.11,18.32,,0,***,0.9,8,"158,761,131",LargeValue
Neuberger Berman Focus,NBSSX,13.24,34.51,13.24,17.78,17.55,17.01,0.24,***,0.84,11,"25,339,991",LargeValue
New England Growth Opportunities C,NECOX,22.93,18.83,22.93,23.83,,,0,****,2,3,"139,704,701",LargeValue
New England Value C,NECVX,6.4,17.37,6.4,17.01,,,0,***,2,0,"145,310,000",LargeValue
New England Value Y,NEVYX,7.39,17.62,7.39,18.11,,,0.35,***,1,0,"64,421,679",LargeValue
Neuberger Berman Guardian,NGUAX,2.35,23.12,2.35,12.48,13.59,14.89,0.57,***,0.79,3,"52,230,917",LargeValue
N/I Numeric Investors Larger Cap Val,NILVX,10.78,14.68,10.78,,,,0.82,,,1,"7,368,565",LargeValue
MainStay Instl Value Equity Instl,NIVEX,-8.1,6.86,-8.1,11.32,12.56,,1.22,**,0.93,8,"6,937,000",LargeValue
Nuveen Growth and Income Stock R,NNGRX,10.26,15.54,10.26,,,,1.05,,0.95,2,"390,694",LargeValue
Neuberger Berman Partners,NPRTX,6.28,16.37,6.28,20.21,18.17,16.22,0,***,0.8,8,"6,164,896",LargeValue
Nations Value Prim B,NVLBX,17.11,19.31,17.11,,,,0.53,,1.45,2,"1,082,492",LargeValue
Nations Value Inv A,NVLEX,17.14,19.39,17.14,21.37,18.66,,0.53,****,1.2,9,"935,533",LargeValue
Nations Value Prim A,NVLUX,17.34,19.54,17.34,21.65,18.9,,0.73,****,0.95,9,"11,908,152",LargeValue
Oakmark,OAKMX,3.73,12.53,3.73,16.92,17.29,,1.06,***,1.08,7,"29,310,962",LargeValue
O'Shaughnessy Dogs of the Market,OSDGX,9.1,14.17,9.1,,,,1.09,,1.46,2,"841,671,085",LargeValue
OVB Equity-Income A,OVEIX,13.77,12.52,13.77,,,,1.94,,1.11,2,"185,300,007",LargeValue
Stagecoach Equity Value Instl,PCEIX,7.05,14.16,7.05,19.98,,,1.15,***,0.95,1,"9,580,849",LargeValue
PaineWebber Pace Large Co Value Eqty,PCLVX,18.65,16.55,18.65,22.84,,,0.65,****,,3,"375,185,815",LargeValue
Payden & Rygel Growth & Income R,PDOGX,18.1,13.72,18.1,,,,1.39,,0.54,2,"502,978,619",LargeValue
Pegasus Equity-Income I,PEINX,0.18,6.25,0.18,13.48,,,2.98,***,0.7,2,"265,761,762",LargeValue
Pelican,PELFX,11.67,13.02,11.67,19.47,17.94,,1.68,****,1.1,9,"207,514,032",LargeValue
Prudential Equity Z,PEQZX,8.56,14.26,8.56,,,,1.55,,0.63,2,"555,236,657",LargeValue
Preferred Value,PFVLX,14.39,17.21,14.39,22.42,20.49,,1.02,****,0.84,6,"18,346,281",LargeValue
Philadelphia,PHILX,11.13,8.26,11.13,19.37,14.82,13.31,1.26,***,1.53,11,"19,685,094",LargeValue
PBHG Large Cap Value PBHG,PLCVX,34.78,28.21,34.78,,,,0.65,,1.17,1,"32,115,636",LargeValue
Pillar Equity-Income I,PLIAX,11.42,13.94,11.42,19.02,16.92,,1.98,***,0.8,2,"885,491",LargeValue
BlackRock Large Cap Val Eq Inst,PNVEX,10.48,16.07,10.48,20.86,19.2,,1.79,****,0.78,1,"493,327,565",LargeValue
BlackRock Large Cap Val Eq Svc,PNVSX,10.23,15.99,10.23,20.52,18.89,,1.5,****,1.09,1,"223,761,171",LargeValue
T. Rowe Price Equity-Income,PRFDX,9.23,11.1,9.23,19.21,18.75,15.18,2.19,****,0.79,13,"5,360,392",LargeValue
Quaker Aggressive Growth,QUAGX,29.78,19.2,29.78,,,,0.43,,1.34,2,"13,848,307",LargeValue
Rockhaven,RAMEX,11.88,17.11,11.88,,,,1.16,,1.49,1,"10,103,417",LargeValue
Warburg Pincus Growth & Income Comm,RBEGX,12.66,16.54,12.66,13.18,13.44,14.67,0.7,***,1.15,1,"8,566,475",LargeValue
Republic Equity A,REPEX,29.2,23.29,29.2,24.18,,,0.29,****,,,"57,731,791",LargeValue
Republic Equity Y,REQYX,29.59,23.38,29.59,,,,0.49,,,,"312,182",LargeValue
Chase Equity-Income Instl,RIEIX,26.2,18.89,26.2,24.93,20.3,15.65,0.72,****,1,10,"2,058,611,171",LargeValue
RSI Retirement Trust Value Equity,RSIVX,17.9,21.01,17.9,25.04,20.96,14.66,0,****,1.2,3,"205,368,870",LargeValue
ABN AMRO Value Comm,RVALX,5.45,15.56,5.45,18.34,16.95,,1.07,***,1.01,5,"4,806,291,711",LargeValue
Regions Value Tr,RVLAX,,15.26,,,,,,,,0,"312,921,412",LargeValue
Safeco Income No Load,SAFIX,6.31,14.55,6.31,18.56,16.53,13.46,2.59,***,0.85,2,"10,367,000",LargeValue
Safeco U.S. Value No Load,SAFVX,12.61,16.27,12.61,,,,0.99,,1.19,1,"6,924,093",LargeValue
Salomon Brothers Investors O,SAIFX,15.44,17.44,15.44,23.94,20.58,16.6,0.95,****,0.69,1,"1,702,321,948",LargeValue
Salomon Brothers Opportunity,SAOPX,4.86,13.81,4.86,18.58,17.83,14.5,0.84,***,1.12,19,17,LargeValue
Scudder Growth & Income,SCDGX,6.07,11.41,6.07,19.09,17.85,16.38,2.15,****,0.76,12,"274,613",LargeValue
Scudder Large Company Value,SCDUX,9.5,15.99,9.5,20.16,15.54,15.44,0.61,***,0.93,3,"4,837,020",LargeValue
Kemper Value S,SCVAX,11.9,17.07,11.9,23.04,19.77,,0.77,****,1.23,6,"62,085,018",LargeValue
Strong Dow 30 Value,SDOWX,16.11,15.36,16.11,,,,1.57,,,1,"2,102,894",LargeValue
Standish Tax-Sensitive Equity,SDTSX,15.36,24.36,15.36,27.6,,,0.6,*****,0.5,2,"235,170,235",LargeValue
SEI Instl Mgd Equity-Income A,SEEIX,16.12,17.43,16.12,20.11,18.66,15.86,2.11,****,0.85,4,"1,178,255",LargeValue
Sequoia,SEQUX,35.25,20.34,35.25,33.1,28.07,21.81,0.22,*****,1,28,"614,345,984",LargeValue
Selected American,SLASX,16.27,22.19,16.27,27.81,22.77,18.04,0.48,*****,0.96,1,"2,500,373",LargeValue
Saratoga Large Capitalization Value,SLCVX,11.77,14.9,11.77,20.25,,,0.43,****,1.3,4,"178,891,567",LargeValue
Galaxy Growth & Income Tr,SMGIX,15.96,20.76,15.96,21.81,19.76,,0.93,****,1.03,6,"2,490,733,232",LargeValue
Stratton Growth,STRGX,11.46,15.47,11.46,20.08,20.64,15.14,1.62,****,1.11,26,"57,736,840",LargeValue
Star Relative Value Y,STRVX,18.5,21.37,18.5,,,,0.8,,,,"686,305,496",LargeValue
Target Large Capitalization Value,TALVX,10.25,12.95,10.25,19.47,18.14,,1.54,****,0.72,5,"55,277,244",LargeValue
UAM TJ Core Equity Instl Svc,TJCEX,30.1,20.65,30.1,26.15,,,0.5,*****,1.26,3,"180,017,327",LargeValue
Consulting Group Large Cap Value Eqty,TLVUX,12.62,16.84,12.62,21.26,18.14,,1.21,****,0.78,,"87,232,273",LargeValue
SEI Instl Mgd Tax-Managed Large Cap A,TMLCX,,24.61,,,,,,,,,"3,425,420",LargeValue
Torray,TORYX,8.19,21.27,8.19,24.18,24.16,,0.38,*****,1.13,8,"112,375,332",LargeValue
Chase Vista Large Cap Equity Instl,TREQX,22.18,19.08,22.18,26.23,21.44,,1.02,*****,0.4,4,"2,111,536,088",LargeValue
SEI Instl Mgd Large Cap Value A,TRMVX,11.35,16.58,11.35,22.41,19.42,14.37,1.26,****,0.85,1,"62,521,729",LargeValue
USAA Growth & Income,USGRX,6.46,17.52,6.46,18.19,17.08,,1,***,0.85,5,"617,906,791",LargeValue
USAA Income Stock,USISX,8.1,10.71,8.1,17.67,15.79,14.85,3.45,****,0.65,0,"12,378,468",LargeValue
MSDW Value-Added Market Eq D,VADDX,12.15,16.73,12.15,,,,1.1,,0.58,1,"1,150,498",LargeValue
Vanguard Equity-Income,VEIPX,17.34,13.23,17.34,21.8,19.55,15.62,2.5,****,0.45,10,"571,504,906",LargeValue
Chase Vista Select Equity Income,VEISX,11.88,16.86,11.88,,,,2.4,,0.03,2,"438,849,119",LargeValue
Chase Vista Growth & Income Instl,VGIIX,14.5,16.76,14.5,,,,0.61,,0.86,2,"114,144,732",LargeValue
Vanguard Value Index,VIVAX,14.64,17.5,14.64,21.91,19.79,,1.54,****,0.2,6,"17,788,603",LargeValue
Vanguard Growth & Income,VQNPX,23.94,20.59,23.94,27.41,22.81,19.03,1.03,*****,0.36,12,"1,336,726,769",LargeValue
Vontobel U.S. Value,VUSVX,14.71,17.92,14.71,23.16,21.27,,0.86,*****,1.58,8,"287,305,636",LargeValue
Vanguard Windsor,VWNDX,0.81,13.46,0.81,15.82,15.09,13.37,1.49,***,0.27,3,"243,641,378",LargeValue
Vanguard Windsor II,VWNFX,16.36,14.92,16.36,24.13,21.29,17.33,1.97,****,0.37,13,"37,494,157",LargeValue
Warburg Pincus Advisor Growth & Inc,WGITX,12.23,16.49,12.23,12.76,,,0.34,**,1.54,1,"1,003,952,129",LargeValue
Wilshire Target Large Co Value Instl,WLCVX,10.45,13.73,10.45,,,,1.57,,0.76,2,"1,880,705",LargeValue
Warburg Pincus Instl Value,WPIVX,13.75,16.7,13.75,,,,1.08,,0.75,1,"9,903,000",LargeValue
Westcore Blue Chip,WTMVX,17.88,20.31,17.88,23.22,20.7,16.87,0.44,****,1.15,7,"1,304,803,918",LargeValue
ABN AMRO Value Inv,,4.66,15.44,4.66,17.84,16.56,,0.66,***,1.26,5,"1,428,512,513",LargeValue
Aetna Value Opportunity I,,,30.49,,,,,,,1.1,0,"3,482,364,972",LargeValue
AIM Basic Value Adv,,6.25,13.86,6.25,16.17,,,0,***,1.64,0,"4,798,245,578",LargeValue
Analysts Stock,,13.82,18.33,13.82,15.81,12.5,,0.57,***,2,5,"650,922,368",LargeValue
Boston Partners Large Cap Value Inv,,-0.78,11.29,-0.78,,,,0.27,,1.11,1,"1,749,390,723",LargeValue
Davis Growth & Income Y,,,16.41,,,,,,,1.14,0,"112,658,832",LargeValue
Edgar Lomax Value,,10.84,10.51,10.84,,,,0.62,,,1,"15,540,276",LargeValue
Evergreen Select Diversified Val InSv,,,19.26,,,,,,,,0,"74,511,828",LargeValue
Evergreen Select Equity Income Instl,,-3.24,7.37,-3.24,,,,3.12,,,1,"156,427,585",LargeValue
Evergreen Select Equity Income InSvc,,,7.3,,,,,,,,0,"1,453,785,377",LargeValue
Evergreen Select Strategic Value Inst,,6.23,16.86,6.23,,,,1.35,,,1,"56,828,160",LargeValue
Evergreen Select Strategic Value InSv,,,16.78,,,,,,,,0,"7,779,327,761",LargeValue
Florida Street Growth,,2.85,20.19,2.85,,,,0.15,,,,"31,933,215",LargeValue
ICAP Select Equity,,14.36,17.66,14.36,,,,0.44,,,1,"43,439,262",LargeValue
Idex Value Equity C,,-7.81,7.31,-7.81,,,,0,,2.05,1,"717,266,774",LargeValue
IDS Equity Value Y,,9.27,16.27,9.27,18.38,,,1.57,***,0.76,0,"25,297,055",LargeValue
Kemper-Dreman High Return Equity I,,12.54,14.32,12.54,24.49,,,2.76,****,0.83,3,"2,970,182",LargeValue
Loomis Sayles Core Value Ret,,10.15,15.53,10.15,,,,0.97,,1.1,1,"45,450,000",LargeValue
Loomis Sayles Strategic Value Instl,,11.84,25.62,11.84,,,,0.15,,1,1,"6,447,978",LargeValue
Loomis Sayles Strategic Value Ret,,11.57,25.56,11.57,,,,0,,1.25,1,"485,540,000",LargeValue
MFS Equity Income I,,17.66,11.97,17.66,,,,1.22,,1.18,1,"41,038,733",LargeValue
MSDW Instl Value Equity B,,8.49,18.47,8.49,,,,1.15,,0.95,2,"1,888,622",LargeValue
New England Equity Income C,,1.95,11.27,1.95,,,,0.74,,2.25,1,"439,939,884",LargeValue
OVB Equity-Income B,,13.5,12.5,13.5,,,,1.72,,1.36,2,"7,275,271",LargeValue
Profit Value,,31.67,30.11,31.67,,,,0,,1.95,1,"7,212",LargeValue
Strategist Equity-Income,,11.74,15.68,11.74,,,,1.6,,1.25,1,"21,018,805",LargeValue
Undiscovered Managers All Cap Value,,14.75,21.04,14.75,,,,0.17,,,1,"36,494,862",LargeValue
Undiscovered Managers Core Equity,,21.47,16.04,21.47,,,,0.55,,,1,"970,714",LargeValue
American Heritage,AHERX,-61.22,-24,-61.22,-13.64,-21.98,-4.29,0,*,5.85,8,"6,227,618",SmallGrowth
Alliance Quasar Instl I,AIQIX,,15.96,,,,,,,0,,,SmallGrowth
Ark Small Cap Equity Instl,ARPEX,19.31,26.08,19.31,13.08,,,0,*,0.95,3,"27,418,441",SmallGrowth
Armada Small Cap Growth Instl,ASMIX,7.56,22.73,7.56,,,,0,,,1,"78,720,643",SmallGrowth
Atlas Emerging Growth A,ATEAX,5.77,14.11,5.77,,,,0,,1.49,1,"15,497,539",SmallGrowth
Chase Small Capitalization Instl,ATSCX,-1.83,16.64,-1.83,16.82,14.45,,0,**,1,5,"64,755,727",SmallGrowth
Baron Asset,BARAX,4.27,26.58,4.27,19.41,19.86,16.86,0.08,***,1.32,11,"5,212,000,000",SmallGrowth
BB&T Small Company Growth Tr,BBCGX,3.29,22.26,3.29,12.46,,,0,*,1.79,4,"88,604,656",SmallGrowth
Brown Capital Mgmt Small Co Instl,BCSIX,18.39,20.03,18.39,17.08,17.63,,0,***,1.5,6,"14,347,081",SmallGrowth
Berger New Generation,BENGX,23,32.04,23,,,,0,,1.72,2,"130,141,665",SmallGrowth
Berger Small Company Growth,BESCX,3.17,26.61,3.17,11.86,16.32,,0,**,1.48,0,"616,994,145",SmallGrowth
Baron Growth & Income,BGINX,0.1,22.56,0.1,18.78,,,0.14,**,1.37,4,"343,695,555",SmallGrowth
Brinson U.S. Small Cap Growth I,BISCX,-6.73,18.94,-6.73,,,,0,,,1,"22,571,694",SmallGrowth
Brazos/JMIC Micro Cap Growth,BJMIX,32.8,20.51,32.8,,,,0,,,1,"58,157,472",SmallGrowth
Brazos/JMIC Small Cap Growth Secs,BJSCX,13.58,20.88,13.58,,,,0,,1.35,2,"382,559,635",SmallGrowth
BNY Hamilton Small Cap Growth Inst,BNSIX,7.89,20.52,7.89,,,,0,,,1,"121,040,302",SmallGrowth
Baron Small Cap,BSCFX,2.23,22.42,2.23,,,,0,,1.39,1,"403,727,998",SmallGrowth
BT Investment Small Cap,BTSCX,6.15,28.7,6.15,8.69,19.43,,0,**,1.25,2,"184,597,241",SmallGrowth
MSDW Capital Appreciation D,CAADX,-0.5,13.52,-0.5,,,,0,,,,"208,378",SmallGrowth
CitiFunds Small Cap Growth,CFSGX,4.75,26.52,4.75,18.68,,,0,**,1.35,0,"31,990,399",SmallGrowth
Columbia Small Cap,CMSCX,4.69,17.54,4.69,,,,0,,1.46,2,"136,126,835",SmallGrowth
Calvert New Vision Small Cap C,CNVCX,-10.31,12.13,-10.31,,,,0,,,1,"7,419,225",SmallGrowth
Cappiello-Rushmore Emerging Growth,CREGX,-8.59,22.96,-8.59,-0.79,4.32,,0,*,1.5,6,"15,006,000",SmallGrowth
MSDW Developing Growth Secs D,DGRDX,8.93,24.81,8.93,,,,0,,,1,"5,905,060",SmallGrowth
Delaware Trend Instl,DGTIX,13.84,23.08,13.84,14.79,14.29,,0,**,1.09,2,"54,474,210",SmallGrowth
Dreyfus Aggressive Growth,DGVAX,-36.67,19.86,-36.67,-13.69,,,0,*,1.27,0,"36,067,956",SmallGrowth
Wilshire Target Small Co Growth Invmt,DTSGX,-3.56,19.7,-3.56,7.07,9.18,,0,*,1.28,6,"11,780,414",SmallGrowth
Diversified Investors Special Equity,DVPEX,3.09,20.84,3.09,17.73,,,0,**,1.49,4,"846,962,770",SmallGrowth
Enterprise Small Company Growth Y,ENGEX,-3.76,27.19,-3.76,10.56,15.8,,0,**,1.84,0,"8,722,514",SmallGrowth
Evergreen Select Sm Cap Grth Instl,EVSIX,2.13,25.19,2.13,9.82,,,0,*,0.92,1,"45,910,731",SmallGrowth
First American Strategy Aggress Grth,FAAGX,6.82,14.77,6.82,,,,1.83,,0.6,2,"68,590,619",SmallGrowth
Fasciano,FASCX,7.19,7.47,7.19,18.12,17.51,15.6,0.09,***,1.3,11,"233,151,281",SmallGrowth
Founders Discovery,FDISX,14.19,36.55,14.19,15.71,13.42,,0,*,1.52,1,"239,346,811",SmallGrowth
Invesco Small Company Growth,FIEGX,14.9,26.27,14.9,14.91,13.69,,0,**,1.48,3,"316,793,084",SmallGrowth
Firstar Emerging Growth Inst,FIEMX,8.49,21.11,8.49,,,,0.14,,0.9,1,"60,492,719",SmallGrowth
Fremont Institutional U.S. Micro-Cap,FIMCX,5.53,46.03,5.53,,,,0,,1.25,1,"49,132,004",SmallGrowth
Firstar MicroCap Instl,FIMPX,-2.45,23.07,-2.45,20.45,,,0,**,1.7,1,"97,533,656",SmallGrowth
Flag Investors Emerging Growth Instl,FLIEX,6.72,33.41,6.72,15.27,,,0,*,1.19,3,"7,600,000",SmallGrowth
First American Regional Equity Y,FREIX,-5.52,20.11,-5.52,9.81,,,0.04,**,0.9,4,"245,150,304",SmallGrowth
Franklin Small Cap Growth Adv,FSGAX,0.35,23.42,0.35,,,,0.86,,0.64,6,"3,629,026",SmallGrowth
FTI Small Capitalization Equity,FTSCX,3.03,24.04,3.03,14.07,,,0,**,1.5,3,"52,402,688",SmallGrowth
Fremont U.S. Micro-Cap,FUSMX,2.86,44.06,2.86,17.84,,,0,**,1.88,4,"164,839,242",SmallGrowth
Gabelli ABC,GABCX,11.14,11.91,11.14,10.58,9.44,,1.98,***,2.26,5,"39,358,138",SmallGrowth
Govett Smaller Companies A,GSCQX,-11.73,28.33,-11.73,-11.64,8.46,,0,*,1.95,0,"58,907,828",SmallGrowth
Galaxy Small Company Equity Tr,GSETX,-10.66,17.29,-10.66,7.59,,,0,*,1.09,4,"217,351,474",SmallGrowth
Hartford Capital Appreciation Y,HCAYX,3.68,25.67,3.68,,,,0,,1,2,"23,655,776",SmallGrowth
Henlopen,HENLX,16.76,26.78,16.76,20.22,18.46,,0,***,1.5,6,"38,504,890",SmallGrowth
Hartford Small Company Y,HSCYX,11.05,28.04,11.05,,,,0,,1,1,"10,143,120",SmallGrowth
IAI Capital Appreciation,IACAX,2.21,22.55,2.21,,,,0,,1.4,2,"52,588,047",SmallGrowth
IPO Plus Aftermarket,IPOSX,18.44,32.74,18.44,,,,0,,,1,"9,770,981",SmallGrowth
Janus Venture,JAVTX,23.22,24.98,23.22,14.44,14.86,16.95,0.01,***,0.92,1,"1,246,207,331",SmallGrowth
JP Morgan U.S. Small Company Opport,JPSOX,5.21,23.09,5.21,,,,0,,1.19,1,"168,135,617",SmallGrowth
Kaufmann,KAUFX,0.72,17.07,0.72,11.08,15.38,20.87,0,***,1.88,12,"4,456,076,619",SmallGrowth
Kobrick Emerging Growth,KFEGX,39.5,37.57,39.5,,,,0,,,0,"23,636,162",SmallGrowth
"Kalmar ""Growth-With-Value"" Small Cap",KGSCX,-7.66,14.27,-7.66,,,,0,,1.25,1,"222,311,000",SmallGrowth
Loomis Sayles Small Cap Growth Instl,LSSIX,18.73,36.72,18.73,,,,0,,1,1,"33,059,194",SmallGrowth
Matrix Emerging Growth,MEGFX,-2.72,15.45,-2.72,7.8,,,0,*,2,3,"6,824,229",SmallGrowth
Managers Special Equity,MGSEX,0.2,19.78,0.2,15.87,15.35,16.75,0,***,1.35,,"956,513,934",SmallGrowth
Montgomery U.S. Emerging Growth R,MNMCX,7.94,21.12,7.94,17.77,,,0,**,1.56,4,"410,438,585",SmallGrowth
Montgomery Small Cap R,MNSCX,-7.93,28.98,-7.93,10.62,10.49,,0,*,1.24,8,"145,347,215",SmallGrowth
Montgomery Small Cap Opportunities R,MNSOX,-9.54,17.97,-9.54,13.08,,,0,*,1.5,3,"90,910,275",SmallGrowth
Montgomery Small Cap P,MNSPX,-8.19,28.95,-8.19,,,,0,,1.49,2,"19,240,229",SmallGrowth
Monetta,MONTX,-9.03,17.68,-9.03,5.26,6.97,11.5,0,*,1.45,12,"120,801,900",SmallGrowth
Marshall Small-Cap Growth,MRSCX,3.41,30.28,3.41,,,,0,,1.8,2,"111,555,871",SmallGrowth
Monetta Small-Cap Equity,MSCEX,-2.81,16.86,-2.81,,,,0,,,1,"3,822,247",SmallGrowth
Montgomery Small Cap Opportunities P,MSCPX,-10.28,17.59,-10.28,,,,0,,1.75,2,"326,574",SmallGrowth
Munder Small Company Growth K,MULKX,-7.5,19.4,-7.5,16.63,14.87,,0,**,1.2,2,"139,849,219",SmallGrowth
Munder Small Company Growth Y,MULYX,-7.22,19.51,-7.22,16.91,15.16,,0.12,**,0.95,2,"188,676,985",SmallGrowth
Nicholas-Applegate Sm Cap Growth Q,NAEQX,4.26,27.03,4.26,11.56,,,0,*,1.51,3,"8,716,581",SmallGrowth
Nicholas-Applegate Sm Cap Growth I,NAGQX,4.37,26.99,4.37,11.63,12.77,,0,*,1.17,5,"191,031,500",SmallGrowth
Nicholas-Applegate Mini-Cap Gr I,NAMCX,8.43,29.43,8.43,22.03,,,0,**,1.56,3,"93,908,270",SmallGrowth
Navellier Aggressive Small Cap Eq A,NASCX,-0.06,22.43,-0.06,8.67,,,0,*,2.33,1,"46,910,196",SmallGrowth
Nicholas Limited Edition,NCLEX,1.67,19.56,1.67,18.1,15.77,15.9,0.06,***,0.86,5,"367,191,042",SmallGrowth
New England Star Small Cap C,NEJCX,1.41,25.81,1.41,,,,0,,2.95,,"15,388,600",SmallGrowth
N/I Numeric Investors Micro Cap,NIMCX,16.27,28.66,16.27,,,,0,,1,2,"99,436,823",SmallGrowth
N/I Numeric Investors Growth,NISGX,2.22,27.14,2.22,,,,0,,1,2,"78,223,304",SmallGrowth
Navellier Aggressive Growth,NPFGX,11.51,27.98,11.51,14.5,,,0,*,2,3,"80,577,165",SmallGrowth
Navellier Aggressive Micro Cap,NPMCX,0.1,16.15,0.1,,,,0,,1.55,1,"9,682,566",SmallGrowth
Norwest Advantage Small Co Stock I,NSCTX,-17.07,14.98,-17.07,4.56,7,,0,*,0.52,5,"42,686,149",SmallGrowth
Oberweis Emerging Growth,OBEGX,-3.1,29.62,-3.1,2.76,8.34,15.83,0,*,1.44,11,"93,636,042",SmallGrowth
Oberweis Micro-Cap,OBMCX,4.42,39.25,4.42,12.37,,,0,*,1.81,3,"28,307,995",SmallGrowth
Oppenheimer Discovery Y,ODIYX,-1.73,17.49,-1.73,7.79,,,0,*,0.89,4,"47,090,807",SmallGrowth
One Group Small Capitalization Fid,OGGFX,-4.04,15.97,-4.04,,,,0,,1.06,2,"110,091,833",SmallGrowth
O'Shaughnessy Cornerstone Growth,OSCGX,3.67,23.82,3.67,,,,0,,1.56,2,"116,502,186",SmallGrowth
PBHG Emerging Growth,PBEGX,3,21.48,3,5.12,16.38,,0,**,1.27,5,"1,043,803,193",SmallGrowth
PBHG Limited,PBLDX,13.05,24.38,13.05,,,,0,,1.4,0,"141,505,764",SmallGrowth
BlackRock Small Cap Grth Svc,PCGEX,6.76,25.39,6.76,15.13,18.77,,0,**,1.17,5,"174,414,347",SmallGrowth
PaineWebber Pace Small/Med Co Grth Eq,PCSGX,15.04,24.57,15.04,14.56,,,0,**,,3,"334,910,196",SmallGrowth
Pacific Horizon Aggressive Growth K,PHAKX,0.02,16.56,0.02,,,,0,,1.93,0,"4,248,026",SmallGrowth
Provident Inv Couns Small Cap Growth,PISCX,5.82,25.04,5.82,7.48,13.95,,0,*,1,5,"159,034,934",SmallGrowth
Provident Inv Couns Small Co Growth,PISMX,5.43,24.97,5.43,,,,0,,1.45,1,"32,171,192",SmallGrowth
Parkstone Small Cap Instl,PKSCX,-5.31,23.08,-5.31,4.38,10.19,16.07,0,*,1.35,0,"332,754,839",SmallGrowth
T. Rowe Price Diversified Sm Cap Grth,PRDSX,3.58,25.24,3.58,,,,0,,1.25,1,"64,455,123",SmallGrowth
BlackRock Small Cap Grth Instl,PSGIX,7.38,25.53,7.38,15.55,19.24,,0,**,0.87,5,"1,251,361,766",SmallGrowth
PBHG Strategic Small Company PBHG,PSSCX,2.13,28.3,2.13,,,,0,,1.45,1,"69,372,090",SmallGrowth
Quantitative Small Cap Instl,QBNAX,0.85,19.01,0.85,10.44,13.88,,0,**,1.41,2,"5,111,166",SmallGrowth
Alliance Quasar Adv,QUAYX,-4.3,17.44,-4.3,,,,0,,1.37,0,"248,011,295",SmallGrowth
Republic Small Cap Equity,RESCX,13.43,23.22,13.43,,,,0.19,,0.91,2,"140,300,907",SmallGrowth
Robertson Stephens Diversified Grth A,RSDGX,16.42,29.93,16.42,,,,0,,1.94,2,"69,106,849",SmallGrowth
Robertson Stephens Emerging Growth A,RSEGX,28.02,38.37,28.02,22.64,19.09,20.18,0,***,1.5,2,"394,349,613",SmallGrowth
RSI Retirement Trust Emerg Grth Eqty,RSIGX,-7.08,23.86,-7.08,8.53,13.58,15.23,0,*,1.98,9,"55,406,135",SmallGrowth
ABN AMRO Small Cap Growth Comm,RSMCX,-6.52,16.05,-6.52,8.96,9.89,,0,*,1.04,0,"45,754,786",SmallGrowth
Robertson Stephens MicroCap Growth A,RSMGX,-0.63,22.61,-0.63,,,,0,,1.95,2,"93,222,614",SmallGrowth
Scudder Development,SCDVX,8.01,24.81,8.01,8.32,12.63,15.32,0,*,1.41,0,"713,031,807",SmallGrowth
Scudder 21st Century Growth,SCTGX,3.55,21.34,3.55,,,,0,,,2,"35,206,632",SmallGrowth
Standish Small Cap Equity,SDSCX,1.71,25.77,1.71,11.19,11.45,,0,*,0.74,8,"170,952,237",SmallGrowth
UAM Sirach Special Equity Instl Svc,SEPSX,5.12,27.31,5.12,,,,0,,1.14,2,"3,057,959",SmallGrowth
Shelby,SHELX,12.77,25.57,12.77,10.93,13.64,18.31,0,**,1.29,18,"38,154,998",SmallGrowth
Galaxy Small Cap Value Tr,SMCEX,-5.22,9.75,-5.22,16.65,16.03,,0.55,***,0.96,6,"217,351,474",SmallGrowth
Stein Roe Special Venture,SRSVX,-21.55,6.66,-21.55,3.44,,,0,*,1.29,4,"96,954,832",SmallGrowth
SEI Instl Mgd Small Cap Growth A,SSCGX,5.59,28.29,5.59,10.89,14.19,,0,*,1.1,6,"723,865,403",SmallGrowth
Saratoga Small Capitalization,SSCPX,-18.61,15.29,-18.61,5.08,,,0,*,1.28,4,"31,846,734",SmallGrowth
UAM Sirach Special Equity Instl,SSEPX,5.64,27.16,5.64,9.63,10.85,,0,*,0.89,9,"171,437,649",SmallGrowth
Sit Small Cap Growth,SSMGX,1.97,15.56,1.97,8.06,,,0,*,1.5,4,"47,602,676",SmallGrowth
Standish Small Cap Equity Asset,SSQAX,,25.65,,,,,,,,0,"8,089,528",SmallGrowth
Stagecoach Small Cap Instl,STSIX,-5.39,18.87,-5.39,,,,0,,0.75,2,"68,905,108",SmallGrowth
Target Small Capitalization Growth,TASGX,2.55,22.49,2.55,13.79,12.42,,0,**,0.79,5,"147,780,528",SmallGrowth
TCW Galileo Earnings Momentum,TGMOX,7.09,29.44,7.09,8.86,,,0,*,1.17,4,"36,903,645",SmallGrowth
TCW Galileo Small Cap Growth,TGSCX,19.8,31.44,19.8,16.89,,,0,*,1.14,4,"134,830,348",SmallGrowth
Transamerica Premier Small Comp Inv,TPSCX,80.27,51.55,80.27,,,,0,,1.4,1,"134,363,051",SmallGrowth
Turner Small Cap Equity,TSCEX,8.53,24.34,8.53,17.15,,,0,**,1.24,0,"188,965,170",SmallGrowth
TCW/DW Small Capitalization Growth D,TSGDX,20.58,33.28,20.58,,,,0,,1.27,1,"13,090",SmallGrowth
Consulting Group Small Cap Growth,TSGUX,2.85,25.02,2.85,10.55,15.5,,0,**,0.9,1,"1,047,550,000",SmallGrowth
WPG Tudor,TUDRX,-22.03,10.81,-22.03,0.97,5.56,10.46,0,*,1.24,1,"87,799,743",SmallGrowth
American Cent-20th Cent Giftrust,TWGTX,-13.09,22.73,-13.09,-3.15,7.35,17.7,0,*,1,2,"920,329,891",SmallGrowth
American Cent-20th Cent New Opp,TWNOX,13.33,28.23,13.33,,,,0,,1.49,2,"262,309,561",SmallGrowth
Excelsior Small Cap A,UMLCX,-12.38,21.57,-12.38,-0.75,4.79,,0,*,0.94,1,"46,677,562",SmallGrowth
USAA Aggressive Growth,USAUX,22.22,37.99,22.22,15.26,17.97,14.83,0,*,0.71,3,"833,307,088",SmallGrowth
Value Line Special Situations,VALSX,29.88,27.5,29.88,22.54,19.11,15.43,0,***,1.08,9,"164,457,026",SmallGrowth
Vanguard Explorer,VEXPX,3.52,23.29,3.52,10.59,11.48,13.07,0.35,**,0.62,8,"2,307,141,343",SmallGrowth
Vanguard Small Cap Growth Index,VISGX,,22.27,,,,,,,,0,"78,447,493",SmallGrowth
Value Line Small Cap Growth,VLSCX,4.61,29.21,4.61,8.79,9.68,,0,*,1.81,5,"18,745,002",SmallGrowth
Chase Vista Small Cap Equity Instl,VSEIX,3.71,19.51,3.71,,,,0,,1.1,2,"297,189,257",SmallGrowth
Van Wagoner Micro-Cap,VWMCX,13.11,30.64,13.11,4.16,,,0,*,1.95,3,"46,113,497",SmallGrowth
Van Wagoner Post-Venture,VWPVX,37.59,37.59,37.59,,,,0,,1.95,2,"19,081,007",SmallGrowth
Wasatch Aggressive Equity,WAAEX,11.17,31.55,11.17,11.72,13.51,17.88,0,***,1.5,12,"156,600,154",SmallGrowth
Wasatch Mid-Cap,WAMCX,24.81,38.11,24.81,8.75,17.16,,0,**,1.75,6,"62,538,027",SmallGrowth
Warburg Pincus Instl Small Co Growth,WISCX,-4,21.25,-4,14.19,,,0,**,0.99,3,"235,038,523",SmallGrowth
Wasatch Micro-Cap,WMICX,18.98,24.61,18.98,22.32,,,0,***,2.5,3,"154,426,740",SmallGrowth
Warburg Pincus Small Co Growth Common,WSCGX,-1.4,22.47,-1.4,,,,0,,1.41,2,"5,344,768",SmallGrowth
Wilshire Target Small Co Growth Instl,WSMGX,-3.44,19.77,-3.44,,,,0,,1.19,2,"5,490,280",SmallGrowth
ABN AMRO Small Cap Growth Inv,,-7.25,15.77,-7.25,8.47,9.46,,0,*,1.29,0,"503,931",SmallGrowth
AIM Small Cap Growth Adv,,23.38,30.45,23.38,18.01,,,0,**,1.57,0,"1,072,919",SmallGrowth
Bjurman Micro-Cap Growth,,11.89,25.41,11.89,,,,0,,1.8,1,"8,945,691",SmallGrowth
Dresdner RCM Small Cap,,1.11,26.1,1.11,17.54,16.33,,0,**,1.02,7,"557,810,198",SmallGrowth
Fountainhead Special Value,,-3.55,7.77,-3.55,,,,0,,0.97,,"6,800,877",SmallGrowth
Fremont U.S. Small Cap,,17.63,40.65,17.63,,,,0,,1.5,1,"9,591,221",SmallGrowth
Ivy U.S. Emerging Growth Adv,,,,31.27,,,,,,,0,"608,087",SmallGrowth
John Hancock Small Cap Growth,,16.54,36.4,16.54,14.95,,,0,**,0.9,3,"2,681,000",SmallGrowth
Kemper Small Capitalization Equity I,,-2.62,22.68,-2.62,10.49,,,0,*,0.53,1,"14,747,460",SmallGrowth
Loomis Sayles Small Cap Growth Ret,,18.5,36.77,18.5,,,,0,,1.25,1,"3,644,009",SmallGrowth
MFS New Discovery I,,20.18,23.91,20.18,,,,0,,1.18,1,"3,571,805",SmallGrowth
Morgan Grenfell Smaller Companies Svc,,0.73,19.99,0.73,,,,0.24,,1.5,,"1,006,759",SmallGrowth
State Street Research Emerging Grth S,,-3.27,25.68,-3.27,16.44,9.68,,0,*,2.1,1,"5,227,444",SmallGrowth
Transamerica Premier Small Comp A,,,,51.55,,,,,,,0,"2,752",SmallGrowth
Transamerica Premier Small Comp M,,,,51.34,,,,,,,0,"2,883",SmallGrowth
Turner Micro Cap Growth,,,,40.49,,,,,,1.25,0,"4,734,377",SmallGrowth
Academy Value,ACVFX,-22.45,-2.93,-22.45,2.01,,,0.6,*,1.82,4,"5,283,900",SmallValue
Armada Small Cap Value Instl,AMRIX,-6.96,17.79,-6.96,14.75,,,0.33,**,0.97,0,"246,034,696",SmallValue
Artisan Small Cap Value,ARTVX,-5.76,7.03,-5.76,,,,0,,1.93,1,"51,399,000",SmallValue
AARP Small Company Stock,ASCSX,-6.24,10.3,-6.24,,,,0.08,,1.75,1,"103,827,266",SmallValue
Babson Enterprise,BABEX,-11.36,7.44,-11.36,12.49,11.16,13.74,0.3,**,1.08,14,"176,339,434",SmallValue
Barr Rosenberg U.S. Small Cap Sel,BRSCX,-4.52,10.44,-4.52,,,,0,,1.59,2,"25,361,877",SmallValue
Bridgeway Ultra-Small Company,BRUSX,-13.11,15.87,-13.11,15.87,,,0,**,1.67,4,"35,373,643",SmallValue
Berger Small Cap Value Inv,BSCVX,1.43,15.04,1.43,,,,0.33,,1.56,1,"153,967,736",SmallValue
Wachovia Special Values Y,BSPYX,-1,10.81,-1,,,,1.49,,1.11,1,"91,844,457",SmallValue
Berger Small Cap Value Instl,BSVIX,1.83,15.17,1.83,20.54,18.69,14.97,0.71,****,1.19,13,"119,184,515",SmallValue
CitiFunds Small Cap Value,CFSVX,,8.2,,,,,,,,0,"31,895,915",SmallValue
CornerCap Growth,CGRFX,-10.64,2.9,-10.64,15.18,12.63,8.41,0,**,1.56,6,"13,931,935",SmallValue
CRM Small Cap Value Instl,CRISX,-11.36,4.4,-11.36,,,,0.03,,,0,"77,175,288",SmallValue
CRM Small Cap Value Inv,CRMSX,-12.21,4.37,-12.21,14.08,,,0.03,**,1.5,3,"118,221,816",SmallValue
Delafield,DEFIX,-11.47,14.32,-11.47,10.2,12.48,,0.93,***,1.29,5,"105,300,000",SmallValue
Delaware Small Cap Value Instl,DEVIX,-4.82,12.65,-4.82,15.93,12.48,,0.91,**,1.09,1,"114,098,304",SmallValue
DFA U.S. 6-10 Value II,DFAVX,-7.17,12.32,-7.17,14.03,,,1.85,**,0.85,4,"86,530,000",SmallValue
DFA U.S. 6-10 Value,DFSVX,-7.3,12.32,-7.3,14.03,14.18,,1.73,**,0.6,5,"2,351,270,000",SmallValue
Wilshire Target Small Co Value Invmt,DTSVX,-5.57,9.43,-5.57,12.18,11.02,,1.25,**,0.85,6,"28,422,907",SmallValue
Eclipse Equity,EEQFX,3.4,12.69,3.4,21.42,15.33,14.16,0,***,1.14,11,"187,201,495",SmallValue
Enterprise Small Company Value Y,EIGYX,6.13,14.33,6.13,19.71,,,0,****,1.3,2,"279,169",SmallValue
Evergreen Micro Cap Y,EMCYX,-22.1,2.69,-22.1,8.94,5.01,9.68,0,*,1.39,2,"38,616,882",SmallValue
Evergreen Small Cap Equity Income Y,ESCEX,-9.39,6.68,-9.39,14,13.7,,2.41,***,1.39,5,"81,223,973",SmallValue
1838 Small Cap Equity,ESEQX,-6.08,16.15,-6.08,,,,0,,1.25,2,"33,980,928",SmallValue
Fairmont,FAIMX,-4.88,13.54,-4.88,6.49,10.63,9.83,0,*,1.63,17,"23,715,862",SmallValue
FAM Value,FAMVX,6.19,14.62,6.19,17.98,16,16.02,0.54,****,1.24,12,"357,665,782",SmallValue
First American Micro Cap Value Y,FMVCX,-6.9,9.87,-6.9,,,,0.22,,0.88,1,"103,017,582",SmallValue
First Omaha Small Cap Value,FOSCX,-3.36,14.05,-3.36,,,,1.57,,1.34,2,"15,036,859",SmallValue
First American Small Cap Value Y,FSCCX,-8.26,11.89,-8.26,9.95,,,0.31,**,0.88,4,"421,216,421",SmallValue
Gradison Opportunity Value,GOGFX,-6.95,13.06,-6.95,13.4,12.58,12.82,0.58,**,1.31,14,"151,198,399",SmallValue
Goldman Sachs Small Cap Value Inst,GSSIX,-16.56,13.43,-16.56,,,,0,,1.16,1,"16,246,330",SmallValue
Goldman Sachs Small Cap Value Svc,GSSSX,-16.92,13.32,-16.92,,,,0,,1.45,6,"264,580",SmallValue
Glenmede Small Cap Equity,GTCSX,-13.46,9.54,-13.46,12.04,12.64,,0.89,**,0.12,2,"318,407,535",SmallValue
Heartland Value,HRTVX,-11.46,4.64,-11.46,9.69,11.74,14.55,0.19,**,1.12,14,"1,666,019,130",SmallValue
Harris Insight Small Cap Value Inst,HSCVX,-3.94,8.32,-3.94,,,,0.44,,,1,"144,434,591",SmallValue
Hotchkis & Wiley Small Cap,HWSCX,-15.56,8.8,-15.56,10.41,10.02,12.82,0,**,0.94,3,"59,234,928",SmallValue
IAI Value,IAAPX,-0.04,18.89,-0.04,13.36,10.5,11.33,0,**,1.25,2,"9,999,915,202,079",SmallValue
UAM ICM Small Company,ICSCX,-0.51,9.33,-0.51,17.63,15.34,,0.92,***,0.88,9,"635,366,850",SmallValue
Invesco Small Company Value,IDSCX,-5.82,16.37,-5.82,9.81,10.74,,0.43,**,1.25,4,"60,027,314",SmallValue
Lazard Bantam Value Instl,LABVX,-13.82,11.94,-13.82,,,,0,,1.05,2,"59,952,338",SmallValue
Lindner/Ryback Small-Cap Inv,LDRSX,-6.09,11.65,-6.09,20.62,,,1.1,***,0.87,4,"44,285,127",SmallValue
Lexington SmallCap,LESVX,6.73,15.04,6.73,11.5,,,0.05,**,2.57,0,"7,954,993",SmallValue
Barr Rosenberg U.S. Small Cap Adv,LIFUX,-4.29,10.54,-4.29,,,,0,,1.4,1,"23,619,901",SmallValue
Longleaf Partners Small-Cap,LLSCX,12.71,14.46,12.71,23.86,18.5,13.47,0.67,****,1.09,7,"1,350,989,083",SmallValue
Loomis Sayles Small Cap Value Ret,LSCRX,-1.34,17.98,-1.34,,,,0.42,,1.25,1,"70,328,516",SmallValue
Loomis Sayles Small Cap Value Instl,LSSCX,-1.08,18.07,-1.08,17.56,14.51,,0.66,**,0.94,7,"346,259,317",SmallValue
Lazard Small Cap Open,LZCOX,-12.86,12.81,-12.86,,,,0,,1.14,7,"93,837,611",SmallValue
Lazard Small Cap Instl,LZSCX,-12.62,12.92,-12.62,11.52,11.45,,0.05,**,0.82,7,"1,407,860,050",SmallValue
Munder Small-Cap Value K,MCVKX,-6.63,12.7,-6.63,,,,0.62,,1.27,2,"60,228,743",SmallValue
Munder Small-Cap Value Y,MCVYX,-6.46,12.76,-6.46,,,,0.88,,1.02,2,"61,661,301",SmallValue
MAS Small Cap Value,MPSCX,-1.42,15.32,-1.42,20.29,16.57,17.81,0.35,***,0.86,12,"788,230,784",SmallValue
Maxus Aggressive Value Inv,MXSAX,,15.7,,,,,,,,0,"2,799,638",SmallValue
Northern Small Cap,NOSGX,-5.94,11.96,-5.94,13.24,,,0.1,**,1,4,"314,258,197",SmallValue
Oakmark Small Cap,OAKSX,-13.16,17.65,-13.16,19.48,,,0,***,1.45,3,"747,672,210",SmallValue
PaineWebber Pace Small/Med Co Val Eq,PCSVX,-9.16,9.37,-9.16,15.13,,,0.55,***,,3,"187,143,040",SmallValue
BlackRock Small Cap Value Instl,PNSEX,-6.22,14.03,-6.22,15.13,13.37,,1.59,**,0.85,2,"594,570,914",SmallValue
Prudential Small Company Value Z,PSCZX,-10.62,8.58,-10.62,,,,0,,0.96,2,"142,604,546",SmallValue
BlackRock Small Cap Value Svc,PSESX,-6.5,13.96,-6.5,14.76,13.01,,1.28,**,1.15,2,"84,486,211",SmallValue
Pathfinder,PSLFX,-18.14,5.13,-18.14,2.57,6.43,3.54,0,*,0.99,9,"2,000,000",SmallValue
Preferred Small Cap,PSMCX,-4.79,14.56,-4.79,14.78,,,0.12,**,0.9,3,"119,697,130",SmallValue
PIMCo Small Cap Value Instl,PSVIX,-9.16,11.42,-9.16,16.14,13.61,,1.34,**,0.85,7,"57,820,439",SmallValue
PIMCo Small Cap Value Admin,PVADX,-9.38,11.35,-9.38,15.85,,,1.25,***,1.1,3,"18,779,639",SmallValue
Quaker Small-Cap Value,QUSVX,5.15,18.43,5.15,,,,0,,1.31,2,"9,259,291",SmallValue
Schwartz Value,RCMFX,-10.42,6.44,-10.42,10.7,8.13,11.54,0,**,1.91,15,"60,582,257",SmallValue
Royce GiftShares Inv,RGFAX,21.23,28.4,21.23,23.65,,,0,****,1.49,3,"6,976,371",SmallValue
Robertson Stephens Partners A,RSPFX,-27.3,-3.03,-27.3,7.11,,,3.19,**,1.78,3,"48,211,731",SmallValue
Royce Micro-Cap Consult,RYMCX,,14.38,,,,,,,,0,"659,733",SmallValue
STI Classic Small Cap Equity Tr,SCETX,-13.45,11.03,-13.45,,,,1.18,,1.21,,"299,872,921",SmallValue
SEI Instl Mgd Small Cap Value A,SESVX,-2.84,13.21,-2.84,17.04,,,0.34,***,1.11,4,"511,816,563",SmallValue
Shadow Stock,SHSTX,-1.49,8.71,-1.49,15.12,12.54,11.87,0.48,***,1.16,11,"50,462,542",SmallValue
Skyline Special Equities,SKSEX,-7.17,10.96,-7.17,17.9,13.02,18.26,0,***,1.48,11,"445,811,638",SmallValue
Skyline Small Cap Value Plus,SPEQX,-6.66,8.19,-6.66,14.25,12.17,,0,**,1.51,5,"134,854,764",SmallValue
UAM Sterling Small Cap Value Instl,SPSCX,-2.86,15.09,-2.86,,,,0,,1.25,1,"33,782,756",SmallValue
Strong Small Cap Value,SSMVX,6.1,19.89,6.1,,,,0,,,1,"24,137,656",SmallValue
Sefton Small Company Value,SSVLX,-15.69,5.15,-15.69,,,,0.85,,1.59,1,"35,336,493",SmallValue
Stratton Small-Cap Yield,STSCX,-9.58,9.05,-9.58,13.96,12.88,,0.89,**,1.62,5,"42,602,628",SmallValue
Third Avenue Small-Cap Value,TASCX,-2.77,13.75,-2.77,,,,0.78,,1.65,1,"144,301,655",SmallValue
Target Small Capitalization Value,TASVX,-6.63,14.46,-6.63,13.93,9.41,,0.43,**,0.81,4,"137,690,492",SmallValue
Third Avenue Value,TAVFX,3.92,16.72,3.92,16.21,15.29,,1.25,***,1.13,8,"1,600,120,422",SmallValue
Clover Small Cap Value,TCSVX,2.01,13.64,2.01,,,,0,,1.4,2,"16,856,238",SmallValue
Consulting Group Small Cap Value Eqty,TSVUX,-8.88,9.65,-8.88,15.73,12.04,,1.62,**,0.9,,"801,824,000",SmallValue
UMB Scout Regional,UMBHX,-3.68,8.69,-3.68,10.07,10.01,6.13,1.8,**,0.85,12,"45,398,897",SmallValue
Barr Rosenberg U.S. Small Cap Instl,USCIX,-4.03,10.55,-4.03,16.63,18.26,,0.14,***,1.15,9,"526,692,203",SmallValue
Vanguard Selected Value,VASVX,-11.77,17.51,-11.77,,,,0.75,,0.74,2,"151,315,264",SmallValue
Vanguard Small Cap Value Index,VISVX,,13.65,,,,,,,,0,"105,628,467",SmallValue
William Blair Value Discovery,WBVDX,0.66,11.49,0.66,,,,0.72,,1.5,2,"40,906,000",SmallValue
Wright Junior Blue Chip Equities,WJBEX,-4.9,14.82,-4.9,12.95,11.05,10.3,0,**,1.18,13,"34,040,672",SmallValue
Wasatch Micro-Cap Value,WMCVX,8.46,21.11,8.46,,,,0,,,1,"16,887,740",SmallValue
Warburg Pincus Advisor Small Co Value,WPSAX,-14.8,1.24,-14.8,16.36,,,0,**,1.89,3,"54,833",SmallValue
Westport Small Cap I,WPSCX,,27.77,,,,,,,,0,"33,200,000",SmallValue
Westport Small Cap R,WPSRX,15.4,27.65,15.4,,,,0,,,1,"5,913,492",SmallValue
Warburg Pincus Small Co Value Comm,WPSVX,-14.88,1.9,-14.88,16.58,,,0,***,1.7,3,"66,540,368",SmallValue
Wilshire Target Small Co Value Instl,WSMVX,-5.45,9.51,-5.45,,,,1.32,,0.76,2,"12,025,429",SmallValue
Westcore Small-Cap Opportunity,WTSCX,-5.73,8.76,-5.73,14.8,13.94,,0,**,1.3,4,"93,442,399",SmallValue
American Century Small Cap Value Inv,,,14.53,,,,,,,,0,"12,213,098",SmallValue
Corbin Small-Cap Value,,-38.15,-6.07,-38.15,,,,0,,1.23,1,"2,220,710",SmallValue
Cruelty Free Value,,5.2,17.27,5.2,,,,0,,1.95,1,"1,668,206",SmallValue
Dreyfus Premier Small Cap Value R,,,13.65,,,,,,,,0,"461,453",SmallValue
Franklin Value Adv,,-23.83,7.4,-23.83,,,,0,,0.98,1,"7,697,096",SmallValue
Frontegra Opportunity,,-10.13,9.02,-10.13,,,,0.78,,0.9,,"11,242,957",SmallValue
Harris Insight Small Cap Value A,,-6.83,8.29,-6.83,,,,0.23,,,1,"635,862",SmallValue
ICM/Isabelle Small Cap Value Instl,,,13.07,,,,,,,,,"3,121,460",SmallValue
ICM/Isabelle Small Cap Value Invmt,,,,13.09,,,,,,,,"1,098,642",SmallValue
Kemper Small Cap Value I,,-12.28,12.34,-12.28,11.5,,,0,**,0.89,2,"9,274,060",SmallValue
MSDW Special Value D,,-6.38,9.17,-6.38,,,,0,,,1,"1,552,250",SmallValue
Nations Managed Sm Cap Val Idx Inv A,,-3.12,12.27,-3.12,,,,0.43,,0.75,1,"2,123,604",SmallValue
Nations Managed Sm Cap Val Idx Inv C,,-3.24,12.32,-3.24,,,,0.2,,1,1,"93,251",SmallValue
Nations Managed Sm Cap Val Idx PrmA,,-2.9,12.36,-2.9,,,,0.66,,0.5,1,"3,470,074",SmallValue
Nations Managed Sm Cap Val Idx PrmB,,-2.9,12.36,-2.9,,,,0.66,,,1,10,SmallValue
Nations Managed Value Index Inv A,,13.56,17.01,13.56,,,,1.17,,0.75,,"3,023,684",SmallValue
Nations Managed Value Index Inv C,,13.49,17.01,13.49,,,,1.02,,1,,"11,072",SmallValue
Nations Managed Value Index Prim A,,13.71,17.06,13.71,,,,1.38,,0.5,,"9,430,923",SmallValue
Nations Managed Value Index Prim B,,13.71,17.06,13.71,,,,1.38,,,1,12,SmallValue
Navellier Small Cap Value,,-8.28,10.76,-8.28,,,,0.78,,1.75,1,"861,148",SmallValue
Norwest Advantage Performa SmCapVal I,,-5.65,16.64,-5.65,,,,0,,,1,"19,106,993",SmallValue
Skyline Small Cap Contrarian,,-28.4,1.13,-28.4,,,,0,,,1,"5,195,283",SmallValue
Undiscovered Managers Small Cap Value,,-0.64,11.26,-0.64,,,,0.13,,,1,"18,926,885",SmallValue
Zweig Series Appreciation I,,-1.25,14.5,-1.25,,,,0,,1.22,2,"1,622,605",SmallValue
